Workbook

Sheet 期望
M1: 当前装备 | O1: 对比装备
B2: 释放奇术时主属性 | C2: 牵丝 | D2: <--下拉菜单 | E2: 武学常驻属性 | F2: 通用增伤 | G2: 蓄力增伤 | H2: 断石之构 | I2: 易水歌 | L2: 劲 | Q2: =对比工具!C35/C35-1 -> 0
E3: 150.7 | F3: =VLOOKUP($F$7,目标属性!$A:$R,3,FALSE)+IF(I3="√",5%,0)+IF(I5="火",1.5%,0)+IF(I5="毒",1%,0)+E18 -> 0.303 | G3: 0 | H3: √ | I3: √ | L3: 敏
B4: 最小外功攻击 | C4: 最大外功攻击 | D4: 外功穿透 | E4: 外攻伤害加成 | G4: 套装 | H4: 幻鸣 | I4: 天工 | J4: 玉鳞脍 | L4: 势
B5: 3238 | C5: 2606.6 | D5: 63.5 | E5: 0 | G5: 烟柳 | H5: × | I5: 火 | J5: √ | L5: 最小外功 | Q5: 当前装备的敏
B6: 最小鸣金攻击 | C6: 最大鸣金攻击 | D6: 鸣金穿透 | E6: 鸣金伤害加成 | F6: 目标 | L6: 最大外功 | Q6: 756.4
E7: 0 | F7: 笃山衔蝉 | G7: <-下拉菜单 | L7: 最小无相
B8: 最小裂石攻击 | C8: 最大裂石攻击 | D8: 裂石穿透 | E8: 裂石伤害加成 | F8: 目标防御 | G8: 花上易水纵地断石,牵丝武库。 | L8: 最大无相
E9: 0 | F9: =VLOOKUP($F$7,目标属性!$A:$R,2,FALSE) -> 559 | L9: 精准
B10: 最小牵丝攻击 | C10: 最大牵丝攻击 | D10: 牵丝穿透 | E10: 牵丝伤害加成 | F10: 判定抗性 | L10: 会心
B11: 490.8 | C11: 1221.8 | D11: =IF(B11>=441,29.6,29) -> 29.6 | E11: =IF(B11>=441,14.8%,14.5%) -> 0.148 | F11: 2.15 | L11: 会意
B12: 最小破竹攻击 | C12: 最大破竹攻击 | D12: 破竹穿透 | E12: 破竹伤害加成 | L12: 最小鸣金
E13: 0 | L13: 最大鸣金
B14: 最小无相攻击 | C14: 最大无相攻击 | D14: 无相穿透 | E14: 固伤加成 | G14: 龙攻击期望 | L14: 最小裂石
B15: 66 | C15: =66+59.8*2 -> 185.6 | E15: 0.3 | G15: 0.5 | H15: <<<默认50% | L15: 最大裂石
A16: 括号内-> | B16: 精准率 | C16: 1.0086 | D16: 会心伤害加成 | E16: =54.4%+IF(G5="时雨",10%,0)+IF(F19="√",10%,0) -> 0.644 | L16: 最小牵丝
B17: 会心率 | C17: 0.7833 | D17: 会意伤害加成 | E17: =35% -> 0.35 | L17: 最大牵丝
B18: 会意率 | C18: 0.0986 | D18: 首领增伤 | E18: 0.088 | F18: 沧海帖 | G18: 行藏帖 | L18: 最小破竹
B19: 直接会心率 | C19: 0.087 | F19: √ | G19: × | L19: 最大破竹
B20: 直接会意率 | C20: 0 | F20: 相杀瘫痪 | G20: 易伤层数 | L20: 伞增
B21: 武器增伤 | F21: √ | G21: 8 | L21: 全武增
B22: 伞 | C22: 0.086 | L22: 首领增
B23: 扇 | C23: 0 | D23: 定音 | E23: 0.32 | L23: 外功穿透
B24: 全武器增伤 | C24: 0.084 | L24: 单体奇术
B25: 单体奇术 | C25: 0 | L25: 群体奇术
B26: 群体奇术 | C26: 0 | L26: 定音
B27: N/A | C27: 0
B28: 用时 | C28: 76 | E28: 总期望 | Q28: 外功 | AF28: 固伤 | AU28: 鸣金 | BJ28: 裂石 | BY28: 牵丝 | CN28: 破竹 | DC28: 无相
F29: 次数 | G29: 定音增伤 | H29: 期望伤害 | I29: 占比 | J29: 增伤 | K29: 补正 | L29: 生效会心 | M29: 生效会意 | N29: 生效精准 | O29: 武器类型 | P29: 生效增伤 | Q29: 最小 | R29: 平均 | S29: 最大 | T29: 穿透增伤 | U29: 伤害加成 | V29: 倍率 | W29: 擦伤伤害 | X29: 擦伤占比 | Y29: 会心伤害 | Z29: 会心占比 | AA29: 会意伤害 | AB29: 会意占比 | AC29: 普攻伤害 | AD29: 普攻占比 | AE29: 平均伤害 | AF29: 最小 | AG29: 平均 | AH29: 最大 | AI29: 穿透增伤 | AJ29: 伤害加成 | AK29: 倍率 | AL29: 擦伤伤害 | AM29: 擦伤占比 | AN29: 会心伤害 | AO29: 会心占比 | AP29: 会意伤害 | AQ29: 会意占比 | AR29: 普攻伤害 | AS29: 普攻占比 | AT29: 平均伤害 | AU29: 最小 | AV29: 平均 | AW29: 最大 | AX29: 穿透增伤 | AY29: 伤害加成 | AZ29: 倍率 | BA29: 擦伤伤害 | BB29: 擦伤占比 | BC29: 会心伤害 | BD29: 会心占比 | BE29: 会意伤害 | BF29: 会意占比 | BG29: 普攻伤害 | BH29: 普攻占比 | BI29: 平均伤害 | BJ29: 最小 | BK29: 平均 | BL29: 最大 | BM29: 穿透增伤 | BN29: 伤害加成 | BO29: 倍率 | BP29: 擦伤伤害 | BQ29: 擦伤占比 | BR29: 会心伤害 | BS29: 会心占比 | BT29: 会意伤害 | BU29: 会意占比 | BV29: 普攻伤害 | BW29: 普攻占比 | BX29: 平均伤害 | BY29: 最小 | BZ29: 平均 | CA29: 最大 | CB29: 穿透增伤 | CC29: 伤害加成 | CD29: 倍率 | CE29: 擦伤伤害 | CF29: 擦伤占比 | CG29: 会心伤害 | CH29: 会心占比 | CI29: 会意伤害 | CJ29: 会意占比 | CK29: 普攻伤害 | CL29: 普攻占比 | CM29: 平均伤害 | CN29: 最小 | CO29: 平均 | CP29: 最大 | CQ29: 穿透增伤 | CR29: 伤害加成 | CS29: 倍率 | CT29: 擦伤伤害 | CU29: 擦伤占比 | CV29: 会心伤害 | CW29: 会心占比 | CX29: 会意伤害 | CY29: 会意占比 | CZ29: 普攻伤害 | DA29: 普攻占比 | DB29: 平均伤害 | DC29: 最小 | DD29: 平均 | DE29: 最大 | DF29: 穿透增伤 | DG29: 伤害加成 | DH29: 倍率 | DI29: 擦伤伤害 | DJ29: 擦伤占比 | DK29: 会心伤害 | DL29: 会心占比 | DM29: 会意伤害 | DN29: 会意占比 | DO29: 普攻伤害 | DP29: 普攻占比 | DQ29: 平均伤害
B30: 总伤 | C30: =SUM(H30:H103) -> 8676792.8 | E30: 伞Q(小纵无滞骨) | F30: 1 | H30: =IF(VLOOKUP($E30,武器奇术!$A:$R,18,FALSE)="天工",AE30,(AE30+AT30+BI30+BX30+CM30+DB30+DQ30))*(1+J30)*F30*K30*(1+G30) -> 49906.268 | I30: =H30/$C$30 -> 0.0057516953 | J30: =$F$3+VLOOKUP($E30,武器奇术!$A:$R,12,FALSE)+VLOOKUP($E30,武器奇术!$A:$R,14,FALSE)*$G$3+$P30+IF($F$21="√",5%,0) -> 0.523 | K30: =VLOOKUP($E30,武器奇术!$A:$R,11,FALSE) -> 1 | L30: =IF(VLOOKUP($E30,武器奇术!$A:$R,15,FALSE)="天工",0%,IF($C$17+VLOOKUP($E30,武器奇术!$A:$R,7,FALSE)>80%,80%,$C$17+VLOOKUP($E30,武器奇术!$A:$R,7,FALSE))+IF($C$19>20%,20%,$C$19)) -> 0.8703 | M30: =IF(VLOOKUP($E30,武器奇术!$A:$R,15,FALSE)="天工",0%,IF($C$18+VLOOKUP($E30,武器奇术!$A:$R,9,FALSE)>40%,40%,$C$18+VLOOKUP($E30,武器奇术!$A:$R,9,FALSE))+IF($C$20>10%,10%,$C$20)) -> 0.0986 | N30: =IF(VLOOKUP($E30,武器奇术!$A:$R,15,FALSE)="天工",100%,MIN($C$16,1)) -> 1 | O30: =VLOOKUP($E30,武器奇术!$A:$R,16,FALSE) -> 伞 | P30: =VLOOKUP($O30,$B$22:$C$27,2,FALSE)+IF(OR($O30="伞",$O30="扇"),$C$24,0) -> 0.17 | Q30: =$B$5*(1+VLOOKUP($E30,武器奇术!$A:$R,5,FALSE))*(1+VLOOKUP($E30,武器奇术!$A:$S,19,FALSE)+IF($G$5="飞隼",0.1,0)+IF($G$5="撼天",0.05,0))-$F$9+IF($J$5="√",160,0) -> 3081.85 | R30: =IF(VLOOKUP($E30,武器奇术!$A:$Z,18,FALSE)="叶龙",(S30-(Q30+S30)*0.5)*($G$15-0.5)*2+(Q30+S30)*0.5,(Q30+S30)*0.5) -> 3161.85 | S30: =MAX($C$5,$B$5)*(1+VLOOKUP($E30,武器奇术!$A:$R,6,FALSE))*(1+VLOOKUP($E30,武器奇术!$A:$S,19,FALSE)+IF($G$5="飞隼",0.1,0)+IF($G$5="撼天",0.05,0))-$F$9+IF($J$5="√",320,0) -> 3241.85 | T30: =IF(($D$5+VLOOKUP($E30,武器奇术!$A:$R,13,FALSE)+IF($I$3="√",10,0)-VLOOKUP($F$7,目标属性!$A:$R,5,FALSE))>0,($D$5+VLOOKUP($E30,武器奇术!$A:$R,13,FALSE)+IF($I$3="√",10,0)-VLOOKUP($F$7,目标属性!$A:$R,5,FALSE))/200,($D$5+VLOOKUP($E30,武器奇术!$A:$R,13,FALSE)+IF($I$3="√",10,0)-VLOOKUP($F$7,目标属性!$A:$R,5,FALSE))/100) -> 0.2925 | U30: =$E$5+IF($G$5="烟柳",IF(VLOOKUP($E30,武器奇术!$A:$T,20,FALSE)=1,0.1,0),0) -> 0.1 | V30: 1 | W30: =Q30*VLOOKUP($E30,武器奇术!$A:$R,2,FALSE)*(1+T30)*(1+U30)*V30 -> 10251.677 | X30: =(1-IF(VLOOKUP($E30,武器奇术!$A:$R,18,FALSE)="叶龙",1,$N30))*(1-$M30) -> 0 | Y30: =R30*VLOOKUP($E30,武器奇术!$A:$R,2,FALSE)*(1+T30)*(1+U30)*V30*(1+$E$16+VLOOKUP($E30,武器奇术!$A:$R,8,FALSE)) -> 21077.66 | Z30: =IF($L30+$M30<=100%,$N30*$L30,$N30*(1-$M30)) -> 0.8703 | AA30: =S30*VLOOKUP($E30,武器奇术!$A:$R,2,FALSE)*(1+T30)*(1+U30)*V30*(1+$E$17+VLOOKUP($E30,武器奇术!$A:$R,10,FALSE)) -> 14558.281 | AB30: =$M30 -> 0.0986 | AC30: =R30*VLOOKUP($E30,武器奇术!$A:$R,2,FALSE)*(1+T30)*(1+U30)*V30 -> 10517.794 | AD30: =MAX((1-X30-Z30-AB30),0) -> 0.0311 | AE30: =W30*X30+Y30*Z30+AA30*AB30+AC30*AD30 -> 20106.437 | AF30: =VLOOKUP($E30,武器奇术!$A:$R,3,FALSE)*(1+IF(VLOOKUP($E30,武器奇术!$A:$R,15,FALSE)="武器",$E$15,0)) -> 842.4 | AG30: =(AF30+AH30)/2 -> 842.4 | AH30: =VLOOKUP($E30,武器奇术!$A:$R,3,FALSE)*(1+IF(VLOOKUP($E30,武器奇术!$A:$R,15,FALSE)="武器",$E$15,0)) -> 842.4 | AI30: =IF(($D$5+VLOOKUP($E30,武器奇术!$A:$R,13,FALSE)+IF($I$3="√",10,0)-VLOOKUP($F$7,目标属性!$A:$R,5,FALSE))>0,($D$5+VLOOKUP($E30,武器奇术!$A:$R,13,FALSE)+IF($I$3="√",10,0)-VLOOKUP($F$7,目标属性!$A:$R,5,FALSE))/200,($D$5+VLOOKUP($E30,武器奇术!$A:$R,13,FALSE)+IF($I$3="√",10,0)-VLOOKUP($F$7,目标属性!$A:$R,5,FALSE))/100) -> 0.2925 | AJ30: =$E$5+IF($G$5="烟柳",IF(VLOOKUP($E30,武器奇术!$A:$T,20,FALSE)=1,0.1,0),0) -> 0.1 | AK30: 1 | AL30: =AF30*(1+AI30)*(1+AJ30)*AK30 -> 1197.6822 | AM30: =(1-IF(VLOOKUP($E30,武器奇术!$A:$R,18,FALSE)="叶龙",1,$N30))*(1-$M30) -> 0 | AN30: =AG30*(1+AI30)*(1+AJ30)*AK30*(1+$E$16+VLOOKUP($E30,武器奇术!$A:$R,8,FALSE)) -> 2400.1551 | AO30: =IF($L30+$M30<=100%,$N30*$L30,$N30*(1-$M30)) -> 0.8703 | AP30: =AH30*(1+AI30)*(1+AJ30)*AK30*(1+$E$17+VLOOKUP($E30,武器奇术!$A:$R,10,FALSE)) -> 1616.871 | AQ30: =$M30 -> 0.0986 | AR30: =AG30*(1+AI30)*(1+AJ30)*AK30 -> 1197.6822 | AS30: =MAX((1-AM30-AO30-AQ30),0) -> 0.0311 | AT30: =AL30*AM30+AN30*AO30+AP30*AQ30+AR30*AS30 -> 2285.5264 | AU30: =$B$7*IF($G$5="撼天",1.05,1)+IF(AND(VLOOKUP($E30,武器奇术!$A:$R,15,FALSE)="武器",VLOOKUP($E30,武器奇术!$A:$R,17,FALSE)="鸣金"),$E$3*(1+$E$15),0) -> 0 | AV30: =(AU30+AW30)/2 -> 0 | AW30: =MAX($C$7*IF($G$5="撼天",1.05,1)+IF(AND(VLOOKUP($E30,武器奇术!$A:$R,15,FALSE)="武器",VLOOKUP($E30,武器奇术!$A:$R,17,FALSE)="鸣金"),$E$3*(1+$E$15),0),AU30) -> 0 | AX30: =IF(($D$7+IF(VLOOKUP($E30,武器奇术!$A:$R,17,FALSE)="鸣金",$D$15,0)-VLOOKUP($F$7,目标属性!$A:$R,6,FALSE))>0,($D$7+IF(VLOOKUP($E30,武器奇术!$A:$R,17,FALSE)="鸣金",$D$15,0)-VLOOKUP($F$7,目标属性!$A:$R,6,FALSE))/200,($D$7+IF(VLOOKUP($E30,武器奇术!$A:$R,17,FALSE)="鸣金",$D$15,0)-VLOOKUP($F$7,目标属性!$A:$R,6,FALSE))/100) -> -0.24 | AY30: =$E$7 -> 0 | AZ30: 1 | BA30: =AU30*IF(VLOOKUP($E30,武器奇术!$A:$R,17,FALSE)="鸣金",VLOOKUP($E30,武器奇术!$A:$R,4,FALSE),VLOOKUP($E30,武器奇术!$A:$R,2,FALSE))*(1+AX30)*(1+AY30)*AZ30 -> 0 | BB30: =(1-IF(VLOOKUP($E30,武器奇术!$A:$R,18,FALSE)="叶龙",1,$N30))*(1-$M30) -> 0 | BC30: =AV30*IF(VLOOKUP($E30,武器奇术!$A:$R,17,FALSE)="鸣金",VLOOKUP($E30,武器奇术!$A:$R,4,FALSE),VLOOKUP($E30,武器奇术!$A:$R,2,FALSE))*(1+AX30)*(1+AY30)*AZ30*(1+$E$16+VLOOKUP($E30,武器奇术!$A:$R,8,FALSE)) -> 0 | BD30: =IF($L30+$M30<=100%,$N30*$L30,$N30*(1-$M30)) -> 0.8703 | BE30: =AW30*IF(VLOOKUP($E30,武器奇术!$A:$R,17,FALSE)="鸣金",VLOOKUP($E30,武器奇术!$A:$R,4,FALSE),VLOOKUP($E30,武器奇术!$A:$R,2,FALSE))*(1+AX30)*(1+AY30)*AZ30*(1+$E$17+VLOOKUP($E30,武器奇术!$A:$R,10,FALSE)) -> 0 | BF30: =$M30 -> 0.0986 | BG30: =AV30*IF(VLOOKUP($E30,武器奇术!$A:$R,17,FALSE)="鸣金",VLOOKUP($E30,武器奇术!$A:$R,4,FALSE),VLOOKUP($E30,武器奇术!$A:$R,2,FALSE))*(1+AX30)*(1+AY30)*AZ30 -> 0 | BH30: =MAX((1-BB30-BD30-BF30),0) -> 0.0311 | BI30: =BA30*BB30+BC30*BD30+BE30*BF30+BG30*BH30 -> 0 | BJ30: =$B$9*IF($G$5="撼天",1.05,1)+IF(AND(VLOOKUP($E30,武器奇术!$A:$R,15,FALSE)="武器",VLOOKUP($E30,武器奇术!$A:$R,17,FALSE)="裂石"),$E$3*(1+$E$15),0) -> 0 | BK30: =(BJ30+BL30)/2 -> 0 | BL30: =MAX($C$9*IF($G$5="撼天",1.05,1)+IF(AND(VLOOKUP($E30,武器奇术!$A:$R,15,FALSE)="武器",VLOOKUP($E30,武器奇术!$A:$R,17,FALSE)="裂石"),$E$3*(1+$E$15),0),BJ30) -> 0 | BM30: =IF(($D$9+IF(VLOOKUP($E30,武器奇术!$A:$R,17,FALSE)="裂石",$D$15,0)-VLOOKUP($F$7,目标属性!$A:$R,6,FALSE))>0,($D$9+IF(VLOOKUP($E30,武器奇术!$A:$R,17,FALSE)="裂石",$D$15,0)-VLOOKUP($F$7,目标属性!$A:$R,6,FALSE))/200,($D$9+IF(VLOOKUP($E30,武器奇术!$A:$R,17,FALSE)="裂石",$D$15,0)-VLOOKUP($F$7,目标属性!$A:$R,6,FALSE))/100) -> -0.24 | BN30: =$E$9 -> 0 | BO30: 1 | BP30: =BJ30*IF(VLOOKUP($E30,武器奇术!$A:$R,17,FALSE)="裂石",VLOOKUP($E30,武器奇术!$A:$R,4,FALSE),VLOOKUP($E30,武器奇术!$A:$R,2,FALSE))*(1+BM30)*(1+BN30)*BO30 -> 0 | BQ30: =(1-IF(VLOOKUP($E30,武器奇术!$A:$R,18,FALSE)="叶龙",1,$N30))*(1-$M30) -> 0 | BR30: =BK30*IF(VLOOKUP($E30,武器奇术!$A:$R,17,FALSE)="裂石",VLOOKUP($E30,武器奇术!$A:$R,4,FALSE),VLOOKUP($E30,武器奇术!$A:$R,2,FALSE))*(1+BM30)*(1+BN30)*BO30*(1+$E$16+VLOOKUP($E30,武器奇术!$A:$R,8,FALSE)) -> 0 | BS30: =IF($L30+$M30<=100%,$N30*$L30,$N30*(1-$M30)) -> 0.8703 | BT30: =BL30*IF(VLOOKUP($E30,武器奇术!$A:$R,17,FALSE)="裂石",VLOOKUP($E30,武器奇术!$A:$R,4,FALSE),VLOOKUP($E30,武器奇术!$A:$R,2,FALSE))*(1+BM30)*(1+BN30)*BO30*(1+$E$17+VLOOKUP($E30,武器奇术!$A:$R,10,FALSE)) -> 0 | BU30: =$M30 -> 0.0986 | BV30: =BK30*IF(VLOOKUP($E30,武器奇术!$A:$R,17,FALSE)="裂石",VLOOKUP($E30,武器奇术!$A:$R,4,FALSE),VLOOKUP($E30,武器奇术!$A:$R,2,FALSE))*(1+BM30)*(1+BN30)*BO30 -> 0 | BW30: =MAX((1-BQ30-BS30-BU30),0) -> 0.0311 | BX30: =BP30*BQ30+BR30*BS30+BT30*BU30+BV30*BW30 -> 0 | BY30: =$B$11*IF($G$5="撼天",1.05,1)+IF(AND(VLOOKUP($E30,武器奇术!$A:$R,15,FALSE)="武器",VLOOKUP($E30,武器奇术!$A:$R,17,FALSE)="牵丝"),$E$3*(1+$E$15),0) -> 686.71 | BZ30: =IF(VLOOKUP($E30,武器奇术!$A:$Z,18,FALSE)="叶龙",(CA30-(BY30+CA30)*0.5)*($G$15-0.5)*2+(BY30+CA30)*0.5,(BY30+CA30)*0.5) -> 1052.21 | CA30: =MAX($C$11*IF($G$5="撼天",1.05,1)+IF(AND(VLOOKUP($E30,武器奇术!$A:$R,15,FALSE)="武器",VLOOKUP($E30,武器奇术!$A:$R,17,FALSE)="牵丝"),$E$3*(1+$E$15),0),BY30) -> 1417.71 | CB30: =IF(($D$11+IF(VLOOKUP($E30,武器奇术!$A:$R,17,FALSE)="牵丝",$D$15,0)-VLOOKUP($F$7,目标属性!$A:$R,6,FALSE))>0,($D$11+IF(VLOOKUP($E30,武器奇术!$A:$R,17,FALSE)="牵丝",$D$15,0)-VLOOKUP($F$7,目标属性!$A:$R,6,FALSE))/200,($D$11+IF(VLOOKUP($E30,武器奇术!$A:$R,17,FALSE)="牵丝",$D$15,0)-VLOOKUP($F$7,目标属性!$A:$R,6,FALSE))/100) -> 0.028 | CC30: =$E$11+IF($G$5="烟柳",IF(VLOOKUP($E30,武器奇术!$A:$T,20,FALSE)=1,0.1,0),0) -> 0.248 | CD30: 1 | CE30: =BY30*IF(VLOOKUP($E30,武器奇术!$A:$R,17,FALSE)="牵丝",VLOOKUP($E30,武器奇术!$A:$R,4,FALSE),VLOOKUP($E30,武器奇术!$A:$R,2,FALSE))*(1+CB30)*(1+CC30)*CD30 -> 3091.9063 | CF30: =(1-IF(VLOOKUP($E30,武器奇术!$A:$R,18,FALSE)="叶龙",1,$N30))*(1-$M30) -> 0 | CG30: =BZ30*IF(VLOOKUP($E30,武器奇术!$A:$R,17,FALSE)="牵丝",VLOOKUP($E30,武器奇术!$A:$R,4,FALSE),VLOOKUP($E30,武器奇术!$A:$R,2,FALSE))*(1+CB30)*(1+CC30)*CD30*(1+$E$16+VLOOKUP($E30,武器奇术!$A:$R,8,FALSE)) -> 9494.0844 | CH30: =IF($L30+$M30<=100%,$N30*$L30,$N30*(1-$M30)) -> 0.8703 | CI30: =CA30*IF(VLOOKUP($E30,武器奇术!$A:$R,17,FALSE)="牵丝",VLOOKUP($E30,武器奇术!$A:$R,4,FALSE),VLOOKUP($E30,武器奇术!$A:$R,2,FALSE))*(1+CB30)*(1+CC30)*CD30*(1+$E$17+VLOOKUP($E30,武器奇术!$A:$R,10,FALSE)) -> 8617.3576 | CJ30: =$M30 -> 0.0986 | CK30: =BZ30*IF(VLOOKUP($E30,武器奇术!$A:$R,17,FALSE)="牵丝",VLOOKUP($E30,武器奇术!$A:$R,4,FALSE),VLOOKUP($E30,武器奇术!$A:$R,2,FALSE))*(1+CB30)*(1+CC30)*CD30 -> 4737.5671 | CL30: =MAX((1-CF30-CH30-CJ30),0) -> 0.0311 | CM30: =CE30*CF30+CG30*CH30+CI30*CJ30+CK30*CL30 -> 9259.7115 | CN30: =$B$13*IF($G$5="撼天",1.05,1)+IF(AND(VLOOKUP($E30,武器奇术!$A:$R,15,FALSE)="武器",VLOOKUP($E30,武器奇术!$A:$R,17,FALSE)="破竹"),$E$3*(1+$E$15),0) -> 0 | CO30: =(CN30+CP30)/2 -> 0 | CP30: =MAX($C$13*IF($G$5="撼天",1.05,1)+IF(AND(VLOOKUP($E30,武器奇术!$A:$R,15,FALSE)="武器",VLOOKUP($E30,武器奇术!$A:$R,17,FALSE)="破竹"),$E$3*(1+$E$15),0),CN30) -> 0 | CQ30: =IF(($D$13+IF(VLOOKUP($E30,武器奇术!$A:$R,17,FALSE)="破竹",$D$15,0)-VLOOKUP($F$7,目标属性!$A:$R,6,FALSE))>0,($D$13+IF(VLOOKUP($E30,武器奇术!$A:$R,17,FALSE)="破竹",$D$15,0)-VLOOKUP($F$7,目标属性!$A:$R,6,FALSE))/200,($D$13+IF(VLOOKUP($E30,武器奇术!$A:$R,17,FALSE)="破竹",$D$15,0)-VLOOKUP($F$7,目标属性!$A:$R,6,FALSE))/100) -> -0.24 | CR30: =$E$13 -> 0 | CS30: 1 | CT30: =CN30*IF(VLOOKUP($E30,武器奇术!$A:$R,17,FALSE)="破竹",VLOOKUP($E30,武器奇术!$A:$R,4,FALSE),VLOOKUP($E30,武器奇术!$A:$R,2,FALSE))*(1+CQ30)*(1+CR30)*CS30 -> 0 | CU30: =(1-IF(VLOOKUP($E30,武器奇术!$A:$R,18,FALSE)="叶龙",1,$N30))*(1-$M30) -> 0 | CV30: =CO30*IF(VLOOKUP($E30,武器奇术!$A:$R,17,FALSE)="破竹",VLOOKUP($E30,武器奇术!$A:$R,4,FALSE),VLOOKUP($E30,武器奇术!$A:$R,2,FALSE))*(1+CQ30)*(1+CR30)*CS30*(1+$E$16+VLOOKUP($E30,武器奇术!$A:$R,8,FALSE)) -> 0 | CW30: =IF($L30+$M30<=100%,$N30*$L30,$N30*(1-$M30)) -> 0.8703 | CX30: =CP30*IF(VLOOKUP($E30,武器奇术!$A:$R,17,FALSE)="破竹",VLOOKUP($E30,武器奇术!$A:$R,4,FALSE),VLOOKUP($E30,武器奇术!$A:$R,2,FALSE))*(1+CQ30)*(1+CR30)*CS30*(1+$E$17+VLOOKUP($E30,武器奇术!$A:$R,10,FALSE)) -> 0 | CY30: =$M30 -> 0.0986 | CZ30: =CO30*IF(VLOOKUP($E30,武器奇术!$A:$R,17,FALSE)="破竹",VLOOKUP($E30,武器奇术!$A:$R,4,FALSE),VLOOKUP($E30,武器奇术!$A:$R,2,FALSE))*(1+CQ30)*(1+CR30)*CS30 -> 0 | DA30: =MAX((1-CU30-CW30-CY30),0) -> 0.0311 | DB30: =CT30*CU30+CV30*CW30+CX30*CY30+CZ30*DA30 -> 0 | DC30: =$B$15*IF($G$5="撼天",1.05,1) -> 66 | DD30: =(DC30+DE30)/2 -> 125.8 | DE30: =$C$15*IF($G$5="撼天",1.05,1) -> 185.6 | DF30: =IF((IF(VLOOKUP($E30,武器奇术!$A:$R,17,FALSE)="鸣金",$D$7,0)+IF(VLOOKUP($E30,武器奇术!$A:$R,17,FALSE)="裂石",$D$9,0)+IF(VLOOKUP($E30,武器奇术!$A:$R,17,FALSE)="牵丝",$D$11,0)+IF(VLOOKUP($E30,武器奇术!$A:$R,17,FALSE)="破竹",$D$13,0)+$D$15-VLOOKUP($F$7,目标属性!$A:$R,6,FALSE))>0,(IF(VLOOKUP($E30,武器奇术!$A:$R,17,FALSE)="鸣金",$D$7,0)+IF(VLOOKUP($E30,武器奇术!$A:$R,17,FALSE)="裂石",$D$9,0)+IF(VLOOKUP($E30,武器奇术!$A:$R,17,FALSE)="牵丝",$D$11,0)+IF(VLOOKUP($E30,武器奇术!$A:$R,17,FALSE)="破竹",$D$13,0)+$D$15-VLOOKUP($F$7,目标属性!$A:$R,6,FALSE))/200,(IF(VLOOKUP($E30,武器奇术!$A:$R,17,FALSE)="鸣金",$D$7,0)+IF(VLOOKUP($E30,武器奇术!$A:$R,17,FALSE)="裂石",$D$9,0)+IF(VLOOKUP($E30,武器奇术!$A:$R,17,FALSE)="牵丝",$D$11,0)+IF(VLOOKUP($E30,武器奇术!$A:$R,17,FALSE)="破竹",$D$13,0)+$D$15-VLOOKUP($F$7,目标属性!$A:$R,6,FALSE))/100) -> 0.028 | DG30: =$E$11+IF($G$5="烟柳",IF(VLOOKUP($E30,武器奇术!$A:$T,20,FALSE)=1,0.1,0),0) -> 0.248 | DH30: 1 | DI30: =DC30*IF(VLOOKUP($E30,武器奇术!$A:$R,17,FALSE)="牵丝",VLOOKUP($E30,武器奇术!$A:$R,4,FALSE),VLOOKUP($E30,武器奇术!$A:$R,2,FALSE))*(1+DF30)*(1+DG30)*DH30 -> 297.16447 | DJ30: =(1-IF(VLOOKUP($E30,武器奇术!$A:$R,18,FALSE)="叶龙",1,$N30))*(1-$M30) -> 0 | DK30: =DD30*IF(VLOOKUP($E30,武器奇术!$A:$R,17,FALSE)="牵丝",VLOOKUP($E30,武器奇术!$A:$R,4,FALSE),VLOOKUP($E30,武器奇术!$A:$R,2,FALSE))*(1+DF30)*(1+DG30)*DH30*(1+$E$16+VLOOKUP($E30,武器奇术!$A:$R,8,FALSE)) -> 1135.0926 | DL30: =IF($L30+$M30<=100%,$N30*$L30,$N30*(1-$M30)) -> 0.8703 | DM30: =DE30*IF(VLOOKUP($E30,武器奇术!$A:$R,17,FALSE)="牵丝",VLOOKUP($E30,武器奇术!$A:$R,4,FALSE),VLOOKUP($E30,武器奇术!$A:$R,2,FALSE))*(1+DF30)*(1+DG30)*DH30*(1+$E$17+VLOOKUP($E30,武器奇术!$A:$R,10,FALSE)) -> 1128.1444 | DN30: =$M30 -> 0.0986 | DO30: =DD30*IF(VLOOKUP($E30,武器奇术!$A:$R,17,FALSE)="牵丝",VLOOKUP($E30,武器奇术!$A:$R,4,FALSE),VLOOKUP($E30,武器奇术!$A:$R,2,FALSE))*(1+DF30)*(1+DG30)*DH30 -> 566.41349 | DP30: =MAX((1-DJ30-DL30-DN30),0) -> 0.0311 | DQ30: =DI30*DJ30+DK30*DL30+DM30*DN30+DO30*DP30 -> 1116.7216
E31: 丢伞(小纵无滞骨) | F31: 1 | H31: =IF(VLOOKUP($E31,武器奇术!$A:$R,18,FALSE)="天工",AE31,(AE31+AT31+BI31+BX31+CM31+DB31+DQ31))*(1+J31)*F31*K31*(1+G31) -> 8569.3496 | I31: =H31/$C$30 -> 0.00098761718 | J31: =$F$3+VLOOKUP($E31,武器奇术!$A:$R,12,FALSE)+VLOOKUP($E31,武器奇术!$A:$R,14,FALSE)*$G$3+$P31+IF($F$21="√",5%,0) -> 0.523 | K31: =VLOOKUP($E31,武器奇术!$A:$R,11,FALSE) -> 1 | L31: =IF(VLOOKUP($E31,武器奇术!$A:$R,15,FALSE)="天工",0%,IF($C$17+VLOOKUP($E31,武器奇术!$A:$R,7,FALSE)>80%,80%,$C$17+VLOOKUP($E31,武器奇术!$A:$R,7,FALSE))+IF($C$19>20%,20%,$C$19)) -> 0.8703 | M31: =IF(VLOOKUP($E31,武器奇术!$A:$R,15,FALSE)="天工",0%,IF($C$18+VLOOKUP($E31,武器奇术!$A:$R,9,FALSE)>40%,40%,$C$18+VLOOKUP($E31,武器奇术!$A:$R,9,FALSE))+IF($C$20>10%,10%,$C$20)) -> 0.0986 | N31: =IF(VLOOKUP($E31,武器奇术!$A:$R,15,FALSE)="天工",100%,MIN($C$16,1)) -> 1 | O31: =VLOOKUP($E31,武器奇术!$A:$R,16,FALSE) -> 伞 | P31: =VLOOKUP($O31,$B$22:$C$27,2,FALSE)+IF(OR($O31="伞",$O31="扇"),$C$24,0) -> 0.17 | Q31: =$B$5*(1+VLOOKUP($E31,武器奇术!$A:$R,5,FALSE))*(1+VLOOKUP($E31,武器奇术!$A:$S,19,FALSE)+IF($G$5="飞隼",0.1,0)+IF($G$5="撼天",0.05,0))-$F$9+IF($J$5="√",160,0) -> 3081.85 | R31: =IF(VLOOKUP($E31,武器奇术!$A:$Z,18,FALSE)="叶龙",(S31-(Q31+S31)*0.5)*($G$15-0.5)*2+(Q31+S31)*0.5,(Q31+S31)*0.5) -> 3161.85 | S31: =MAX($C$5,$B$5)*(1+VLOOKUP($E31,武器奇术!$A:$R,6,FALSE))*(1+VLOOKUP($E31,武器奇术!$A:$S,19,FALSE)+IF($G$5="飞隼",0.1,0)+IF($G$5="撼天",0.05,0))-$F$9+IF($J$5="√",320,0) -> 3241.85 | T31: =IF(($D$5+VLOOKUP($E31,武器奇术!$A:$R,13,FALSE)+IF($I$3="√",10,0)-VLOOKUP($F$7,目标属性!$A:$R,5,FALSE))>0,($D$5+VLOOKUP($E31,武器奇术!$A:$R,13,FALSE)+IF($I$3="√",10,0)-VLOOKUP($F$7,目标属性!$A:$R,5,FALSE))/200,($D$5+VLOOKUP($E31,武器奇术!$A:$R,13,FALSE)+IF($I$3="√",10,0)-VLOOKUP($F$7,目标属性!$A:$R,5,FALSE))/100) -> 0.2675 | U31: =$E$5+IF($G$5="烟柳",IF(VLOOKUP($E31,武器奇术!$A:$T,20,FALSE)=1,0.1,0),0) -> 0 | V31: 1 | W31: =Q31*VLOOKUP($E31,武器奇术!$A:$R,2,FALSE)*(1+T31)*(1+U31)*V31 -> 2105.466 | X31: =(1-IF(VLOOKUP($E31,武器奇术!$A:$R,18,FALSE)="叶龙",1,$N31))*(1-$M31) -> 0 | Y31: =R31*VLOOKUP($E31,武器奇术!$A:$R,2,FALSE)*(1+T31)*(1+U31)*V31*(1+$E$16+VLOOKUP($E31,武器奇术!$A:$R,8,FALSE)) -> 3551.2382 | Z31: =IF($L31+$M31<=100%,$N31*$L31,$N31*(1-$M31)) -> 0.8703 | AA31: =S31*VLOOKUP($E31,武器奇术!$A:$R,2,FALSE)*(1+T31)*(1+U31)*V31*(1+$E$17+VLOOKUP($E31,武器奇术!$A:$R,10,FALSE)) -> 2989.9465 | AB31: =$M31 -> 0.0986 | AC31: =R31*VLOOKUP($E31,武器奇术!$A:$R,2,FALSE)*(1+T31)*(1+U31)*V31 -> 2160.1206 | AD31: =MAX((1-X31-Z31-AB31),0) -> 0.0311 | AE31: =W31*X31+Y31*Z31+AA31*AB31+AC31*AD31 -> 3452.6311 | AF31: =VLOOKUP($E31,武器奇术!$A:$R,3,FALSE)*(1+IF(VLOOKUP($E31,武器奇术!$A:$R,15,FALSE)="武器",$E$15,0)) -> 161.8617 | AG31: =(AF31+AH31)/2 -> 161.8617 | AH31: =VLOOKUP($E31,武器奇术!$A:$R,3,FALSE)*(1+IF(VLOOKUP($E31,武器奇术!$A:$R,15,FALSE)="武器",$E$15,0)) -> 161.8617 | AI31: =IF(($D$5+VLOOKUP($E31,武器奇术!$A:$R,13,FALSE)+IF($I$3="√",10,0)-VLOOKUP($F$7,目标属性!$A:$R,5,FALSE))>0,($D$5+VLOOKUP($E31,武器奇术!$A:$R,13,FALSE)+IF($I$3="√",10,0)-VLOOKUP($F$7,目标属性!$A:$R,5,FALSE))/200,($D$5+VLOOKUP($E31,武器奇术!$A:$R,13,FALSE)+IF($I$3="√",10,0)-VLOOKUP($F$7,目标属性!$A:$R,5,FALSE))/100) -> 0.2675 | AJ31: =$E$5+IF($G$5="烟柳",IF(VLOOKUP($E31,武器奇术!$A:$T,20,FALSE)=1,0.1,0),0) -> 0 | AK31: 1 | AL31: =AF31*(1+AI31)*(1+AJ31)*AK31 -> 205.1597 | AM31: =(1-IF(VLOOKUP($E31,武器奇术!$A:$R,18,FALSE)="叶龙",1,$N31))*(1-$M31) -> 0 | AN31: =AG31*(1+AI31)*(1+AJ31)*AK31*(1+$E$16+VLOOKUP($E31,武器奇术!$A:$R,8,FALSE)) -> 337.28255 | AO31: =IF($L31+$M31<=100%,$N31*$L31,$N31*(1-$M31)) -> 0.8703 | AP31: =AH31*(1+AI31)*(1+AJ31)*AK31*(1+$E$17+VLOOKUP($E31,武器奇术!$A:$R,10,FALSE)) -> 276.9656 | AQ31: =$M31 -> 0.0986 | AR31: =AG31*(1+AI31)*(1+AJ31)*AK31 -> 205.1597 | AS31: =MAX((1-AM31-AO31-AQ31),0) -> 0.0311 | AT31: =AL31*AM31+AN31*AO31+AP31*AQ31+AR31*AS31 -> 327.22628 | AU31: =$B$7*IF($G$5="撼天",1.05,1)+IF(AND(VLOOKUP($E31,武器奇术!$A:$R,15,FALSE)="武器",VLOOKUP($E31,武器奇术!$A:$R,17,FALSE)="鸣金"),$E$3*(1+$E$15),0) -> 0 | AV31: =(AU31+AW31)/2 -> 0 | AW31: =MAX($C$7*IF($G$5="撼天",1.05,1)+IF(AND(VLOOKUP($E31,武器奇术!$A:$R,15,FALSE)="武器",VLOOKUP($E31,武器奇术!$A:$R,17,FALSE)="鸣金"),$E$3*(1+$E$15),0),AU31) -> 0 | AX31: =IF(($D$7+IF(VLOOKUP($E31,武器奇术!$A:$R,17,FALSE)="鸣金",$D$15,0)-VLOOKUP($F$7,目标属性!$A:$R,6,FALSE))>0,($D$7+IF(VLOOKUP($E31,武器奇术!$A:$R,17,FALSE)="鸣金",$D$15,0)-VLOOKUP($F$7,目标属性!$A:$R,6,FALSE))/200,($D$7+IF(VLOOKUP($E31,武器奇术!$A:$R,17,FALSE)="鸣金",$D$15,0)-VLOOKUP($F$7,目标属性!$A:$R,6,FALSE))/100) -> -0.24 | AY31: =$E$7 -> 0 | AZ31: 1 | BA31: =AU31*IF(VLOOKUP($E31,武器奇术!$A:$R,17,FALSE)="鸣金",VLOOKUP($E31,武器奇术!$A:$R,4,FALSE),VLOOKUP($E31,武器奇术!$A:$R,2,FALSE))*(1+AX31)*(1+AY31)*AZ31 -> 0 | BB31: =(1-IF(VLOOKUP($E31,武器奇术!$A:$R,18,FALSE)="叶龙",1,$N31))*(1-$M31) -> 0 | BC31: =AV31*IF(VLOOKUP($E31,武器奇术!$A:$R,17,FALSE)="鸣金",VLOOKUP($E31,武器奇术!$A:$R,4,FALSE),VLOOKUP($E31,武器奇术!$A:$R,2,FALSE))*(1+AX31)*(1+AY31)*AZ31*(1+$E$16+VLOOKUP($E31,武器奇术!$A:$R,8,FALSE)) -> 0 | BD31: =IF($L31+$M31<=100%,$N31*$L31,$N31*(1-$M31)) -> 0.8703 | BE31: =AW31*IF(VLOOKUP($E31,武器奇术!$A:$R,17,FALSE)="鸣金",VLOOKUP($E31,武器奇术!$A:$R,4,FALSE),VLOOKUP($E31,武器奇术!$A:$R,2,FALSE))*(1+AX31)*(1+AY31)*AZ31*(1+$E$17+VLOOKUP($E31,武器奇术!$A:$R,10,FALSE)) -> 0 | BF31: =$M31 -> 0.0986 | BG31: =AV31*IF(VLOOKUP($E31,武器奇术!$A:$R,17,FALSE)="鸣金",VLOOKUP($E31,武器奇术!$A:$R,4,FALSE),VLOOKUP($E31,武器奇术!$A:$R,2,FALSE))*(1+AX31)*(1+AY31)*AZ31 -> 0 | BH31: =MAX((1-BB31-BD31-BF31),0) -> 0.0311 | BI31: =BA31*BB31+BC31*BD31+BE31*BF31+BG31*BH31 -> 0 | BJ31: =$B$9*IF($G$5="撼天",1.05,1)+IF(AND(VLOOKUP($E31,武器奇术!$A:$R,15,FALSE)="武器",VLOOKUP($E31,武器奇术!$A:$R,17,FALSE)="裂石"),$E$3*(1+$E$15),0) -> 0 | BK31: =(BJ31+BL31)/2 -> 0 | BL31: =MAX($C$9*IF($G$5="撼天",1.05,1)+IF(AND(VLOOKUP($E31,武器奇术!$A:$R,15,FALSE)="武器",VLOOKUP($E31,武器奇术!$A:$R,17,FALSE)="裂石"),$E$3*(1+$E$15),0),BJ31) -> 0 | BM31: =IF(($D$9+IF(VLOOKUP($E31,武器奇术!$A:$R,17,FALSE)="裂石",$D$15,0)-VLOOKUP($F$7,目标属性!$A:$R,6,FALSE))>0,($D$9+IF(VLOOKUP($E31,武器奇术!$A:$R,17,FALSE)="裂石",$D$15,0)-VLOOKUP($F$7,目标属性!$A:$R,6,FALSE))/200,($D$9+IF(VLOOKUP($E31,武器奇术!$A:$R,17,FALSE)="裂石",$D$15,0)-VLOOKUP($F$7,目标属性!$A:$R,6,FALSE))/100) -> -0.24 | BN31: =$E$9 -> 0 | BO31: 1 | BP31: =BJ31*IF(VLOOKUP($E31,武器奇术!$A:$R,17,FALSE)="裂石",VLOOKUP($E31,武器奇术!$A:$R,4,FALSE),VLOOKUP($E31,武器奇术!$A:$R,2,FALSE))*(1+BM31)*(1+BN31)*BO31 -> 0 | BQ31: =(1-IF(VLOOKUP($E31,武器奇术!$A:$R,18,FALSE)="叶龙",1,$N31))*(1-$M31) -> 0 | BR31: =BK31*IF(VLOOKUP($E31,武器奇术!$A:$R,17,FALSE)="裂石",VLOOKUP($E31,武器奇术!$A:$R,4,FALSE),VLOOKUP($E31,武器奇术!$A:$R,2,FALSE))*(1+BM31)*(1+BN31)*BO31*(1+$E$16+VLOOKUP($E31,武器奇术!$A:$R,8,FALSE)) -> 0 | BS31: =IF($L31+$M31<=100%,$N31*$L31,$N31*(1-$M31)) -> 0.8703 | BT31: =BL31*IF(VLOOKUP($E31,武器奇术!$A:$R,17,FALSE)="裂石",VLOOKUP($E31,武器奇术!$A:$R,4,FALSE),VLOOKUP($E31,武器奇术!$A:$R,2,FALSE))*(1+BM31)*(1+BN31)*BO31*(1+$E$17+VLOOKUP($E31,武器奇术!$A:$R,10,FALSE)) -> 0 | BU31: =$M31 -> 0.0986 | BV31: =BK31*IF(VLOOKUP($E31,武器奇术!$A:$R,17,FALSE)="裂石",VLOOKUP($E31,武器奇术!$A:$R,4,FALSE),VLOOKUP($E31,武器奇术!$A:$R,2,FALSE))*(1+BM31)*(1+BN31)*BO31 -> 0 | BW31: =MAX((1-BQ31-BS31-BU31),0) -> 0.0311 | BX31: =BP31*BQ31+BR31*BS31+BT31*BU31+BV31*BW31 -> 0 | BY31: =$B$11*IF($G$5="撼天",1.05,1)+IF(AND(VLOOKUP($E31,武器奇术!$A:$R,15,FALSE)="武器",VLOOKUP($E31,武器奇术!$A:$R,17,FALSE)="牵丝"),$E$3*(1+$E$15),0) -> 686.71 | BZ31: =IF(VLOOKUP($E31,武器奇术!$A:$Z,18,FALSE)="叶龙",(CA31-(BY31+CA31)*0.5)*($G$15-0.5)*2+(BY31+CA31)*0.5,(BY31+CA31)*0.5) -> 1052.21 | CA31: =MAX($C$11*IF($G$5="撼天",1.05,1)+IF(AND(VLOOKUP($E31,武器奇术!$A:$R,15,FALSE)="武器",VLOOKUP($E31,武器奇术!$A:$R,17,FALSE)="牵丝"),$E$3*(1+$E$15),0),BY31) -> 1417.71 | CB31: =IF(($D$11+IF(VLOOKUP($E31,武器奇术!$A:$R,17,FALSE)="牵丝",$D$15,0)-VLOOKUP($F$7,目标属性!$A:$R,6,FALSE))>0,($D$11+IF(VLOOKUP($E31,武器奇术!$A:$R,17,FALSE)="牵丝",$D$15,0)-VLOOKUP($F$7,目标属性!$A:$R,6,FALSE))/200,($D$11+IF(VLOOKUP($E31,武器奇术!$A:$R,17,FALSE)="牵丝",$D$15,0)-VLOOKUP($F$7,目标属性!$A:$R,6,FALSE))/100) -> 0.028 | CC31: =$E$11+IF($G$5="烟柳",IF(VLOOKUP($E31,武器奇术!$A:$T,20,FALSE)=1,0.1,0),0) -> 0.148 | CD31: 1 | CE31: =BY31*IF(VLOOKUP($E31,武器奇术!$A:$R,17,FALSE)="牵丝",VLOOKUP($E31,武器奇术!$A:$R,4,FALSE),VLOOKUP($E31,武器奇术!$A:$R,2,FALSE))*(1+CB31)*(1+CC31)*CD31 -> 655.22189 | CF31: =(1-IF(VLOOKUP($E31,武器奇术!$A:$R,18,FALSE)="叶龙",1,$N31))*(1-$M31) -> 0 | CG31: =BZ31*IF(VLOOKUP($E31,武器奇术!$A:$R,17,FALSE)="牵丝",VLOOKUP($E31,武器奇术!$A:$R,4,FALSE),VLOOKUP($E31,武器奇术!$A:$R,2,FALSE))*(1+CB31)*(1+CC31)*CD31*(1+$E$16+VLOOKUP($E31,武器奇术!$A:$R,8,FALSE)) -> 1650.5142 | CH31: =IF($L31+$M31<=100%,$N31*$L31,$N31*(1-$M31)) -> 0.8703 | CI31: =CA31*IF(VLOOKUP($E31,武器奇术!$A:$R,17,FALSE)="牵丝",VLOOKUP($E31,武器奇术!$A:$R,4,FALSE),VLOOKUP($E31,武器奇术!$A:$R,2,FALSE))*(1+CB31)*(1+CC31)*CD31*(1+$E$17+VLOOKUP($E31,武器奇术!$A:$R,10,FALSE)) -> 1826.149 | CJ31: =$M31 -> 0.0986 | CK31: =BZ31*IF(VLOOKUP($E31,武器奇术!$A:$R,17,FALSE)="牵丝",VLOOKUP($E31,武器奇术!$A:$R,4,FALSE),VLOOKUP($E31,武器奇术!$A:$R,2,FALSE))*(1+CB31)*(1+CC31)*CD31 -> 1003.9624 | CL31: =MAX((1-CF31-CH31-CJ31),0) -> 0.0311 | CM31: =CE31*CF31+CG31*CH31+CI31*CJ31+CK31*CL31 -> 1647.724 | CN31: =$B$13*IF($G$5="撼天",1.05,1)+IF(AND(VLOOKUP($E31,武器奇术!$A:$R,15,FALSE)="武器",VLOOKUP($E31,武器奇术!$A:$R,17,FALSE)="破竹"),$E$3*(1+$E$15),0) -> 0 | CO31: =(CN31+CP31)/2 -> 0 | CP31: =MAX($C$13*IF($G$5="撼天",1.05,1)+IF(AND(VLOOKUP($E31,武器奇术!$A:$R,15,FALSE)="武器",VLOOKUP($E31,武器奇术!$A:$R,17,FALSE)="破竹"),$E$3*(1+$E$15),0),CN31) -> 0 | CQ31: =IF(($D$13+IF(VLOOKUP($E31,武器奇术!$A:$R,17,FALSE)="破竹",$D$15,0)-VLOOKUP($F$7,目标属性!$A:$R,6,FALSE))>0,($D$13+IF(VLOOKUP($E31,武器奇术!$A:$R,17,FALSE)="破竹",$D$15,0)-VLOOKUP($F$7,目标属性!$A:$R,6,FALSE))/200,($D$13+IF(VLOOKUP($E31,武器奇术!$A:$R,17,FALSE)="破竹",$D$15,0)-VLOOKUP($F$7,目标属性!$A:$R,6,FALSE))/100) -> -0.24 | CR31: =$E$13 -> 0 | CS31: 1 | CT31: =CN31*IF(VLOOKUP($E31,武器奇术!$A:$R,17,FALSE)="破竹",VLOOKUP($E31,武器奇术!$A:$R,4,FALSE),VLOOKUP($E31,武器奇术!$A:$R,2,FALSE))*(1+CQ31)*(1+CR31)*CS31 -> 0 | CU31: =(1-IF(VLOOKUP($E31,武器奇术!$A:$R,18,FALSE)="叶龙",1,$N31))*(1-$M31) -> 0 | CV31: =CO31*IF(VLOOKUP($E31,武器奇术!$A:$R,17,FALSE)="破竹",VLOOKUP($E31,武器奇术!$A:$R,4,FALSE),VLOOKUP($E31,武器奇术!$A:$R,2,FALSE))*(1+CQ31)*(1+CR31)*CS31*(1+$E$16+VLOOKUP($E31,武器奇术!$A:$R,8,FALSE)) -> 0 | CW31: =IF($L31+$M31<=100%,$N31*$L31,$N31*(1-$M31)) -> 0.8703 | CX31: =CP31*IF(VLOOKUP($E31,武器奇术!$A:$R,17,FALSE)="破竹",VLOOKUP($E31,武器奇术!$A:$R,4,FALSE),VLOOKUP($E31,武器奇术!$A:$R,2,FALSE))*(1+CQ31)*(1+CR31)*CS31*(1+$E$17+VLOOKUP($E31,武器奇术!$A:$R,10,FALSE)) -> 0 | CY31: =$M31 -> 0.0986 | CZ31: =CO31*IF(VLOOKUP($E31,武器奇术!$A:$R,17,FALSE)="破竹",VLOOKUP($E31,武器奇术!$A:$R,4,FALSE),VLOOKUP($E31,武器奇术!$A:$R,2,FALSE))*(1+CQ31)*(1+CR31)*CS31 -> 0 | DA31: =MAX((1-CU31-CW31-CY31),0) -> 0.0311 | DB31: =CT31*CU31+CV31*CW31+CX31*CY31+CZ31*DA31 -> 0 | DC31: =$B$15*IF($G$5="撼天",1.05,1) -> 66 | DD31: =(DC31+DE31)/2 -> 125.8 | DE31: =$C$15*IF($G$5="撼天",1.05,1) -> 185.6 | DF31: =IF((IF(VLOOKUP($E31,武器奇术!$A:$R,17,FALSE)="鸣金",$D$7,0)+IF(VLOOKUP($E31,武器奇术!$A:$R,17,FALSE)="裂石",$D$9,0)+IF(VLOOKUP($E31,武器奇术!$A:$R,17,FALSE)="牵丝",$D$11,0)+IF(VLOOKUP($E31,武器奇术!$A:$R,17,FALSE)="破竹",$D$13,0)+$D$15-VLOOKUP($F$7,目标属性!$A:$R,6,FALSE))>0,(IF(VLOOKUP($E31,武器奇术!$A:$R,17,FALSE)="鸣金",$D$7,0)+IF(VLOOKUP($E31,武器奇术!$A:$R,17,FALSE)="裂石",$D$9,0)+IF(VLOOKUP($E31,武器奇术!$A:$R,17,FALSE)="牵丝",$D$11,0)+IF(VLOOKUP($E31,武器奇术!$A:$R,17,FALSE)="破竹",$D$13,0)+$D$15-VLOOKUP($F$7,目标属性!$A:$R,6,FALSE))/200,(IF(VLOOKUP($E31,武器奇术!$A:$R,17,FALSE)="鸣金",$D$7,0)+IF(VLOOKUP($E31,武器奇术!$A:$R,17,FALSE)="裂石",$D$9,0)+IF(VLOOKUP($E31,武器奇术!$A:$R,17,FALSE)="牵丝",$D$11,0)+IF(VLOOKUP($E31,武器奇术!$A:$R,17,FALSE)="破竹",$D$13,0)+$D$15-VLOOKUP($F$7,目标属性!$A:$R,6,FALSE))/100) -> 0.028 | DG31: =$E$11+IF($G$5="烟柳",IF(VLOOKUP($E31,武器奇术!$A:$T,20,FALSE)=1,0.1,0),0) -> 0.148 | DH31: 1 | DI31: =DC31*IF(VLOOKUP($E31,武器奇术!$A:$R,17,FALSE)="牵丝",VLOOKUP($E31,武器奇术!$A:$R,4,FALSE),VLOOKUP($E31,武器奇术!$A:$R,2,FALSE))*(1+DF31)*(1+DG31)*DH31 -> 62.973664 | DJ31: =(1-IF(VLOOKUP($E31,武器奇术!$A:$R,18,FALSE)="叶龙",1,$N31))*(1-$M31) -> 0 | DK31: =DD31*IF(VLOOKUP($E31,武器奇术!$A:$R,17,FALSE)="牵丝",VLOOKUP($E31,武器奇术!$A:$R,4,FALSE),VLOOKUP($E31,武器奇术!$A:$R,2,FALSE))*(1+DF31)*(1+DG31)*DH31*(1+$E$16+VLOOKUP($E31,武器奇术!$A:$R,8,FALSE)) -> 197.33198 | DL31: =IF($L31+$M31<=100%,$N31*$L31,$N31*(1-$M31)) -> 0.8703 | DM31: =DE31*IF(VLOOKUP($E31,武器奇术!$A:$R,17,FALSE)="牵丝",VLOOKUP($E31,武器奇术!$A:$R,4,FALSE),VLOOKUP($E31,武器奇术!$A:$R,2,FALSE))*(1+DF31)*(1+DG31)*DH31*(1+$E$17+VLOOKUP($E31,武器奇术!$A:$R,10,FALSE)) -> 239.07093 | DN31: =$M31 -> 0.0986 | DO31: =DD31*IF(VLOOKUP($E31,武器奇术!$A:$R,17,FALSE)="牵丝",VLOOKUP($E31,武器奇术!$A:$R,4,FALSE),VLOOKUP($E31,武器奇术!$A:$R,2,FALSE))*(1+DF31)*(1+DG31)*DH31 -> 120.03162 | DP31: =MAX((1-DJ31-DL31-DN31),0) -> 0.0311 | DQ31: =DI31*DJ31+DK31*DL31+DM31*DN31+DO31*DP31 -> 199.0434
E32: 扇～(小纵) | F32: 1 | H32: =IF(VLOOKUP($E32,武器奇术!$A:$R,18,FALSE)="天工",AE32,(AE32+AT32+BI32+BX32+CM32+DB32+DQ32))*(1+J32)*F32*K32*(1+G32) -> 19593.255 | I32: =H32/$C$30 -> 0.0022581218 | J32: =$F$3+VLOOKUP($E32,武器奇术!$A:$R,12,FALSE)+VLOOKUP($E32,武器奇术!$A:$R,14,FALSE)*$G$3+$P32+IF($F$21="√",5%,0) -> 0.467 | K32: =VLOOKUP($E32,武器奇术!$A:$R,11,FALSE) -> 1 | L32: =IF(VLOOKUP($E32,武器奇术!$A:$R,15,FALSE)="天工",0%,IF($C$17+VLOOKUP($E32,武器奇术!$A:$R,7,FALSE)>80%,80%,$C$17+VLOOKUP($E32,武器奇术!$A:$R,7,FALSE))+IF($C$19>20%,20%,$C$19)) -> 0.8703 | M32: =IF(VLOOKUP($E32,武器奇术!$A:$R,15,FALSE)="天工",0%,IF($C$18+VLOOKUP($E32,武器奇术!$A:$R,9,FALSE)>40%,40%,$C$18+VLOOKUP($E32,武器奇术!$A:$R,9,FALSE))+IF($C$20>10%,10%,$C$20)) -> 0.0986 | N32: =IF(VLOOKUP($E32,武器奇术!$A:$R,15,FALSE)="天工",100%,MIN($C$16,1)) -> 1 | O32: =VLOOKUP($E32,武器奇术!$A:$R,16,FALSE) -> 扇 | P32: =VLOOKUP($O32,$B$22:$C$27,2,FALSE)+IF(OR($O32="伞",$O32="扇"),$C$24,0) -> 0.084 | Q32: =$B$5*(1+VLOOKUP($E32,武器奇术!$A:$R,5,FALSE))*(1+VLOOKUP($E32,武器奇术!$A:$S,19,FALSE)+IF($G$5="飞隼",0.1,0)+IF($G$5="撼天",0.05,0))-$F$9+IF($J$5="√",160,0) -> 3081.85 | R32: =IF(VLOOKUP($E32,武器奇术!$A:$Z,18,FALSE)="叶龙",(S32-(Q32+S32)*0.5)*($G$15-0.5)*2+(Q32+S32)*0.5,(Q32+S32)*0.5) -> 3161.85 | S32: =MAX($C$5,$B$5)*(1+VLOOKUP($E32,武器奇术!$A:$R,6,FALSE))*(1+VLOOKUP($E32,武器奇术!$A:$S,19,FALSE)+IF($G$5="飞隼",0.1,0)+IF($G$5="撼天",0.05,0))-$F$9+IF($J$5="√",320,0) -> 3241.85 | T32: =IF(($D$5+VLOOKUP($E32,武器奇术!$A:$R,13,FALSE)+IF($I$3="√",10,0)-VLOOKUP($F$7,目标属性!$A:$R,5,FALSE))>0,($D$5+VLOOKUP($E32,武器奇术!$A:$R,13,FALSE)+IF($I$3="√",10,0)-VLOOKUP($F$7,目标属性!$A:$R,5,FALSE))/200,($D$5+VLOOKUP($E32,武器奇术!$A:$R,13,FALSE)+IF($I$3="√",10,0)-VLOOKUP($F$7,目标属性!$A:$R,5,FALSE))/100) -> 0.2675 | U32: =$E$5+IF($G$5="烟柳",IF(VLOOKUP($E32,武器奇术!$A:$T,20,FALSE)=1,0.1,0),0) -> 0 | V32: 1 | W32: =Q32*VLOOKUP($E32,武器奇术!$A:$R,2,FALSE)*(1+T32)*(1+U32)*V32 -> 4997.2591 | X32: =(1-IF(VLOOKUP($E32,武器奇术!$A:$R,18,FALSE)="叶龙",1,$N32))*(1-$M32) -> 0 | Y32: =R32*VLOOKUP($E32,武器奇术!$A:$R,2,FALSE)*(1+T32)*(1+U32)*V32*(1+$E$16+VLOOKUP($E32,武器奇术!$A:$R,8,FALSE)) -> 8428.7553 | Z32: =IF($L32+$M32<=100%,$N32*$L32,$N32*(1-$M32)) -> 0.8703 | AA32: =S32*VLOOKUP($E32,武器奇术!$A:$R,2,FALSE)*(1+T32)*(1+U32)*V32*(1+$E$17+VLOOKUP($E32,武器奇术!$A:$R,10,FALSE)) -> 7096.5465 | AB32: =$M32 -> 0.0986 | AC32: =R32*VLOOKUP($E32,武器奇术!$A:$R,2,FALSE)*(1+T32)*(1+U32)*V32 -> 5126.9801 | AD32: =MAX((1-X32-Z32-AB32),0) -> 0.0311 | AE32: =W32*X32+Y32*Z32+AA32*AB32+AC32*AD32 -> 8194.7143 | AF32: =VLOOKUP($E32,武器奇术!$A:$R,3,FALSE)*(1+IF(VLOOKUP($E32,武器奇术!$A:$R,15,FALSE)="武器",$E$15,0)) -> 384.8 | AG32: =(AF32+AH32)/2 -> 384.8 | AH32: =VLOOKUP($E32,武器奇术!$A:$R,3,FALSE)*(1+IF(VLOOKUP($E32,武器奇术!$A:$R,15,FALSE)="武器",$E$15,0)) -> 384.8 | AI32: =IF(($D$5+VLOOKUP($E32,武器奇术!$A:$R,13,FALSE)+IF($I$3="√",10,0)-VLOOKUP($F$7,目标属性!$A:$R,5,FALSE))>0,($D$5+VLOOKUP($E32,武器奇术!$A:$R,13,FALSE)+IF($I$3="√",10,0)-VLOOKUP($F$7,目标属性!$A:$R,5,FALSE))/200,($D$5+VLOOKUP($E32,武器奇术!$A:$R,13,FALSE)+IF($I$3="√",10,0)-VLOOKUP($F$7,目标属性!$A:$R,5,FALSE))/100) -> 0.2675 | AJ32: =$E$5+IF($G$5="烟柳",IF(VLOOKUP($E32,武器奇术!$A:$T,20,FALSE)=1,0.1,0),0) -> 0 | AK32: 1 | AL32: =AF32*(1+AI32)*(1+AJ32)*AK32 -> 487.734 | AM32: =(1-IF(VLOOKUP($E32,武器奇术!$A:$R,18,FALSE)="叶龙",1,$N32))*(1-$M32) -> 0 | AN32: =AG32*(1+AI32)*(1+AJ32)*AK32*(1+$E$16+VLOOKUP($E32,武器奇术!$A:$R,8,FALSE)) -> 801.8347 | AO32: =IF($L32+$M32<=100%,$N32*$L32,$N32*(1-$M32)) -> 0.8703 | AP32: =AH32*(1+AI32)*(1+AJ32)*AK32*(1+$E$17+VLOOKUP($E32,武器奇术!$A:$R,10,FALSE)) -> 658.4409 | AQ32: =$M32 -> 0.0986 | AR32: =AG32*(1+AI32)*(1+AJ32)*AK32 -> 487.734 | AS32: =MAX((1-AM32-AO32-AQ32),0) -> 0.0311 | AT32: =AL32*AM32+AN32*AO32+AP32*AQ32+AR32*AS32 -> 777.92754 | AU32: =$B$7*IF($G$5="撼天",1.05,1)+IF(AND(VLOOKUP($E32,武器奇术!$A:$R,15,FALSE)="武器",VLOOKUP($E32,武器奇术!$A:$R,17,FALSE)="鸣金"),$E$3*(1+$E$15),0) -> 0 | AV32: =(AU32+AW32)/2 -> 0 | AW32: =MAX($C$7*IF($G$5="撼天",1.05,1)+IF(AND(VLOOKUP($E32,武器奇术!$A:$R,15,FALSE)="武器",VLOOKUP($E32,武器奇术!$A:$R,17,FALSE)="鸣金"),$E$3*(1+$E$15),0),AU32) -> 0 | AX32: =IF(($D$7+IF(VLOOKUP($E32,武器奇术!$A:$R,17,FALSE)="鸣金",$D$15,0)-VLOOKUP($F$7,目标属性!$A:$R,6,FALSE))>0,($D$7+IF(VLOOKUP($E32,武器奇术!$A:$R,17,FALSE)="鸣金",$D$15,0)-VLOOKUP($F$7,目标属性!$A:$R,6,FALSE))/200,($D$7+IF(VLOOKUP($E32,武器奇术!$A:$R,17,FALSE)="鸣金",$D$15,0)-VLOOKUP($F$7,目标属性!$A:$R,6,FALSE))/100) -> -0.24 | AY32: =$E$7 -> 0 | AZ32: 1 | BA32: =AU32*IF(VLOOKUP($E32,武器奇术!$A:$R,17,FALSE)="鸣金",VLOOKUP($E32,武器奇术!$A:$R,4,FALSE),VLOOKUP($E32,武器奇术!$A:$R,2,FALSE))*(1+AX32)*(1+AY32)*AZ32 -> 0 | BB32: =(1-IF(VLOOKUP($E32,武器奇术!$A:$R,18,FALSE)="叶龙",1,$N32))*(1-$M32) -> 0 | BC32: =AV32*IF(VLOOKUP($E32,武器奇术!$A:$R,17,FALSE)="鸣金",VLOOKUP($E32,武器奇术!$A:$R,4,FALSE),VLOOKUP($E32,武器奇术!$A:$R,2,FALSE))*(1+AX32)*(1+AY32)*AZ32*(1+$E$16+VLOOKUP($E32,武器奇术!$A:$R,8,FALSE)) -> 0 | BD32: =IF($L32+$M32<=100%,$N32*$L32,$N32*(1-$M32)) -> 0.8703 | BE32: =AW32*IF(VLOOKUP($E32,武器奇术!$A:$R,17,FALSE)="鸣金",VLOOKUP($E32,武器奇术!$A:$R,4,FALSE),VLOOKUP($E32,武器奇术!$A:$R,2,FALSE))*(1+AX32)*(1+AY32)*AZ32*(1+$E$17+VLOOKUP($E32,武器奇术!$A:$R,10,FALSE)) -> 0 | BF32: =$M32 -> 0.0986 | BG32: =AV32*IF(VLOOKUP($E32,武器奇术!$A:$R,17,FALSE)="鸣金",VLOOKUP($E32,武器奇术!$A:$R,4,FALSE),VLOOKUP($E32,武器奇术!$A:$R,2,FALSE))*(1+AX32)*(1+AY32)*AZ32 -> 0 | BH32: =MAX((1-BB32-BD32-BF32),0) -> 0.0311 | BI32: =BA32*BB32+BC32*BD32+BE32*BF32+BG32*BH32 -> 0 | BJ32: =$B$9*IF($G$5="撼天",1.05,1)+IF(AND(VLOOKUP($E32,武器奇术!$A:$R,15,FALSE)="武器",VLOOKUP($E32,武器奇术!$A:$R,17,FALSE)="裂石"),$E$3*(1+$E$15),0) -> 0 | BK32: =(BJ32+BL32)/2 -> 0 | BL32: =MAX($C$9*IF($G$5="撼天",1.05,1)+IF(AND(VLOOKUP($E32,武器奇术!$A:$R,15,FALSE)="武器",VLOOKUP($E32,武器奇术!$A:$R,17,FALSE)="裂石"),$E$3*(1+$E$15),0),BJ32) -> 0 | BM32: =IF(($D$9+IF(VLOOKUP($E32,武器奇术!$A:$R,17,FALSE)="裂石",$D$15,0)-VLOOKUP($F$7,目标属性!$A:$R,6,FALSE))>0,($D$9+IF(VLOOKUP($E32,武器奇术!$A:$R,17,FALSE)="裂石",$D$15,0)-VLOOKUP($F$7,目标属性!$A:$R,6,FALSE))/200,($D$9+IF(VLOOKUP($E32,武器奇术!$A:$R,17,FALSE)="裂石",$D$15,0)-VLOOKUP($F$7,目标属性!$A:$R,6,FALSE))/100) -> -0.24 | BN32: =$E$9 -> 0 | BO32: 1 | BP32: =BJ32*IF(VLOOKUP($E32,武器奇术!$A:$R,17,FALSE)="裂石",VLOOKUP($E32,武器奇术!$A:$R,4,FALSE),VLOOKUP($E32,武器奇术!$A:$R,2,FALSE))*(1+BM32)*(1+BN32)*BO32 -> 0 | BQ32: =(1-IF(VLOOKUP($E32,武器奇术!$A:$R,18,FALSE)="叶龙",1,$N32))*(1-$M32) -> 0 | BR32: =BK32*IF(VLOOKUP($E32,武器奇术!$A:$R,17,FALSE)="裂石",VLOOKUP($E32,武器奇术!$A:$R,4,FALSE),VLOOKUP($E32,武器奇术!$A:$R,2,FALSE))*(1+BM32)*(1+BN32)*BO32*(1+$E$16+VLOOKUP($E32,武器奇术!$A:$R,8,FALSE)) -> 0 | BS32: =IF($L32+$M32<=100%,$N32*$L32,$N32*(1-$M32)) -> 0.8703 | BT32: =BL32*IF(VLOOKUP($E32,武器奇术!$A:$R,17,FALSE)="裂石",VLOOKUP($E32,武器奇术!$A:$R,4,FALSE),VLOOKUP($E32,武器奇术!$A:$R,2,FALSE))*(1+BM32)*(1+BN32)*BO32*(1+$E$17+VLOOKUP($E32,武器奇术!$A:$R,10,FALSE)) -> 0 | BU32: =$M32 -> 0.0986 | BV32: =BK32*IF(VLOOKUP($E32,武器奇术!$A:$R,17,FALSE)="裂石",VLOOKUP($E32,武器奇术!$A:$R,4,FALSE),VLOOKUP($E32,武器奇术!$A:$R,2,FALSE))*(1+BM32)*(1+BN32)*BO32 -> 0 | BW32: =MAX((1-BQ32-BS32-BU32),0) -> 0.0311 | BX32: =BP32*BQ32+BR32*BS32+BT32*BU32+BV32*BW32 -> 0 | BY32: =$B$11*IF($G$5="撼天",1.05,1)+IF(AND(VLOOKUP($E32,武器奇术!$A:$R,15,FALSE)="武器",VLOOKUP($E32,武器奇术!$A:$R,17,FALSE)="牵丝"),$E$3*(1+$E$15),0) -> 686.71 | BZ32: =IF(VLOOKUP($E32,武器奇术!$A:$Z,18,FALSE)="叶龙",(CA32-(BY32+CA32)*0.5)*($G$15-0.5)*2+(BY32+CA32)*0.5,(BY32+CA32)*0.5) -> 1052.21 | CA32: =MAX($C$11*IF($G$5="撼天",1.05,1)+IF(AND(VLOOKUP($E32,武器奇术!$A:$R,15,FALSE)="武器",VLOOKUP($E32,武器奇术!$A:$R,17,FALSE)="牵丝"),$E$3*(1+$E$15),0),BY32) -> 1417.71 | CB32: =IF(($D$11+IF(VLOOKUP($E32,武器奇术!$A:$R,17,FALSE)="牵丝",$D$15,0)-VLOOKUP($F$7,目标属性!$A:$R,6,FALSE))>0,($D$11+IF(VLOOKUP($E32,武器奇术!$A:$R,17,FALSE)="牵丝",$D$15,0)-VLOOKUP($F$7,目标属性!$A:$R,6,FALSE))/200,($D$11+IF(VLOOKUP($E32,武器奇术!$A:$R,17,FALSE)="牵丝",$D$15,0)-VLOOKUP($F$7,目标属性!$A:$R,6,FALSE))/100) -> 0.028 | CC32: =$E$11+IF($G$5="烟柳",IF(VLOOKUP($E32,武器奇术!$A:$T,20,FALSE)=1,0.1,0),0) -> 0.148 | CD32: 1 | CE32: =BY32*IF(VLOOKUP($E32,武器奇术!$A:$R,17,FALSE)="牵丝",VLOOKUP($E32,武器奇术!$A:$R,4,FALSE),VLOOKUP($E32,武器奇术!$A:$R,2,FALSE))*(1+CB32)*(1+CC32)*CD32 -> 1555.1896 | CF32: =(1-IF(VLOOKUP($E32,武器奇术!$A:$R,18,FALSE)="叶龙",1,$N32))*(1-$M32) -> 0 | CG32: =BZ32*IF(VLOOKUP($E32,武器奇术!$A:$R,17,FALSE)="牵丝",VLOOKUP($E32,武器奇术!$A:$R,4,FALSE),VLOOKUP($E32,武器奇术!$A:$R,2,FALSE))*(1+CB32)*(1+CC32)*CD32*(1+$E$16+VLOOKUP($E32,武器奇术!$A:$R,8,FALSE)) -> 3917.547 | CH32: =IF($L32+$M32<=100%,$N32*$L32,$N32*(1-$M32)) -> 0.8703 | CI32: =CA32*IF(VLOOKUP($E32,武器奇术!$A:$R,17,FALSE)="牵丝",VLOOKUP($E32,武器奇术!$A:$R,4,FALSE),VLOOKUP($E32,武器奇术!$A:$R,2,FALSE))*(1+CB32)*(1+CC32)*CD32*(1+$E$17+VLOOKUP($E32,武器奇术!$A:$R,10,FALSE)) -> 4334.4216 | CJ32: =$M32 -> 0.0986 | CK32: =BZ32*IF(VLOOKUP($E32,武器奇术!$A:$R,17,FALSE)="牵丝",VLOOKUP($E32,武器奇术!$A:$R,4,FALSE),VLOOKUP($E32,武器奇术!$A:$R,2,FALSE))*(1+CB32)*(1+CC32)*CD32 -> 2382.9361 | CL32: =MAX((1-CF32-CH32-CJ32),0) -> 0.0311 | CM32: =CE32*CF32+CG32*CH32+CI32*CJ32+CK32*CL32 -> 3910.9244 | CN32: =$B$13*IF($G$5="撼天",1.05,1)+IF(AND(VLOOKUP($E32,武器奇术!$A:$R,15,FALSE)="武器",VLOOKUP($E32,武器奇术!$A:$R,17,FALSE)="破竹"),$E$3*(1+$E$15),0) -> 0 | CO32: =(CN32+CP32)/2 -> 0 | CP32: =MAX($C$13*IF($G$5="撼天",1.05,1)+IF(AND(VLOOKUP($E32,武器奇术!$A:$R,15,FALSE)="武器",VLOOKUP($E32,武器奇术!$A:$R,17,FALSE)="破竹"),$E$3*(1+$E$15),0),CN32) -> 0 | CQ32: =IF(($D$13+IF(VLOOKUP($E32,武器奇术!$A:$R,17,FALSE)="破竹",$D$15,0)-VLOOKUP($F$7,目标属性!$A:$R,6,FALSE))>0,($D$13+IF(VLOOKUP($E32,武器奇术!$A:$R,17,FALSE)="破竹",$D$15,0)-VLOOKUP($F$7,目标属性!$A:$R,6,FALSE))/200,($D$13+IF(VLOOKUP($E32,武器奇术!$A:$R,17,FALSE)="破竹",$D$15,0)-VLOOKUP($F$7,目标属性!$A:$R,6,FALSE))/100) -> -0.24 | CR32: =$E$13 -> 0 | CS32: 1 | CT32: =CN32*IF(VLOOKUP($E32,武器奇术!$A:$R,17,FALSE)="破竹",VLOOKUP($E32,武器奇术!$A:$R,4,FALSE),VLOOKUP($E32,武器奇术!$A:$R,2,FALSE))*(1+CQ32)*(1+CR32)*CS32 -> 0 | CU32: =(1-IF(VLOOKUP($E32,武器奇术!$A:$R,18,FALSE)="叶龙",1,$N32))*(1-$M32) -> 0 | CV32: =CO32*IF(VLOOKUP($E32,武器奇术!$A:$R,17,FALSE)="破竹",VLOOKUP($E32,武器奇术!$A:$R,4,FALSE),VLOOKUP($E32,武器奇术!$A:$R,2,FALSE))*(1+CQ32)*(1+CR32)*CS32*(1+$E$16+VLOOKUP($E32,武器奇术!$A:$R,8,FALSE)) -> 0 | CW32: =IF($L32+$M32<=100%,$N32*$L32,$N32*(1-$M32)) -> 0.8703 | CX32: =CP32*IF(VLOOKUP($E32,武器奇术!$A:$R,17,FALSE)="破竹",VLOOKUP($E32,武器奇术!$A:$R,4,FALSE),VLOOKUP($E32,武器奇术!$A:$R,2,FALSE))*(1+CQ32)*(1+CR32)*CS32*(1+$E$17+VLOOKUP($E32,武器奇术!$A:$R,10,FALSE)) -> 0 | CY32: =$M32 -> 0.0986 | CZ32: =CO32*IF(VLOOKUP($E32,武器奇术!$A:$R,17,FALSE)="破竹",VLOOKUP($E32,武器奇术!$A:$R,4,FALSE),VLOOKUP($E32,武器奇术!$A:$R,2,FALSE))*(1+CQ32)*(1+CR32)*CS32 -> 0 | DA32: =MAX((1-CU32-CW32-CY32),0) -> 0.0311 | DB32: =CT32*CU32+CV32*CW32+CX32*CY32+CZ32*DA32 -> 0 | DC32: =$B$15*IF($G$5="撼天",1.05,1) -> 66 | DD32: =(DC32+DE32)/2 -> 125.8 | DE32: =$C$15*IF($G$5="撼天",1.05,1) -> 185.6 | DF32: =IF((IF(VLOOKUP($E32,武器奇术!$A:$R,17,FALSE)="鸣金",$D$7,0)+IF(VLOOKUP($E32,武器奇术!$A:$R,17,FALSE)="裂石",$D$9,0)+IF(VLOOKUP($E32,武器奇术!$A:$R,17,FALSE)="牵丝",$D$11,0)+IF(VLOOKUP($E32,武器奇术!$A:$R,17,FALSE)="破竹",$D$13,0)+$D$15-VLOOKUP($F$7,目标属性!$A:$R,6,FALSE))>0,(IF(VLOOKUP($E32,武器奇术!$A:$R,17,FALSE)="鸣金",$D$7,0)+IF(VLOOKUP($E32,武器奇术!$A:$R,17,FALSE)="裂石",$D$9,0)+IF(VLOOKUP($E32,武器奇术!$A:$R,17,FALSE)="牵丝",$D$11,0)+IF(VLOOKUP($E32,武器奇术!$A:$R,17,FALSE)="破竹",$D$13,0)+$D$15-VLOOKUP($F$7,目标属性!$A:$R,6,FALSE))/200,(IF(VLOOKUP($E32,武器奇术!$A:$R,17,FALSE)="鸣金",$D$7,0)+IF(VLOOKUP($E32,武器奇术!$A:$R,17,FALSE)="裂石",$D$9,0)+IF(VLOOKUP($E32,武器奇术!$A:$R,17,FALSE)="牵丝",$D$11,0)+IF(VLOOKUP($E32,武器奇术!$A:$R,17,FALSE)="破竹",$D$13,0)+$D$15-VLOOKUP($F$7,目标属性!$A:$R,6,FALSE))/100) -> 0.028 | DG32: =$E$11+IF($G$5="烟柳",IF(VLOOKUP($E32,武器奇术!$A:$T,20,FALSE)=1,0.1,0),0) -> 0.148 | DH32: 1 | DI32: =DC32*IF(VLOOKUP($E32,武器奇术!$A:$R,17,FALSE)="牵丝",VLOOKUP($E32,武器奇术!$A:$R,4,FALSE),VLOOKUP($E32,武器奇术!$A:$R,2,FALSE))*(1+DF32)*(1+DG32)*DH32 -> 149.46996 | DJ32: =(1-IF(VLOOKUP($E32,武器奇术!$A:$R,18,FALSE)="叶龙",1,$N32))*(1-$M32) -> 0 | DK32: =DD32*IF(VLOOKUP($E32,武器奇术!$A:$R,17,FALSE)="牵丝",VLOOKUP($E32,武器奇术!$A:$R,4,FALSE),VLOOKUP($E32,武器奇术!$A:$R,2,FALSE))*(1+DF32)*(1+DG32)*DH32*(1+$E$16+VLOOKUP($E32,武器奇术!$A:$R,8,FALSE)) -> 468.37363 | DL32: =IF($L32+$M32<=100%,$N32*$L32,$N32*(1-$M32)) -> 0.8703 | DM32: =DE32*IF(VLOOKUP($E32,武器奇术!$A:$R,17,FALSE)="牵丝",VLOOKUP($E32,武器奇术!$A:$R,4,FALSE),VLOOKUP($E32,武器奇术!$A:$R,2,FALSE))*(1+DF32)*(1+DG32)*DH32*(1+$E$17+VLOOKUP($E32,武器奇术!$A:$R,10,FALSE)) -> 567.44231 | DN32: =$M32 -> 0.0986 | DO32: =DD32*IF(VLOOKUP($E32,武器奇术!$A:$R,17,FALSE)="牵丝",VLOOKUP($E32,武器奇术!$A:$R,4,FALSE),VLOOKUP($E32,武器奇术!$A:$R,2,FALSE))*(1+DF32)*(1+DG32)*DH32 -> 284.8988 | DP32: =MAX((1-DJ32-DL32-DN32),0) -> 0.0311 | DQ32: =DI32*DJ32+DK32*DL32+DM32*DN32+DO32*DP32 -> 472.43573
E33: 扇Q(小纵) | F33: 1 | H33: =IF(VLOOKUP($E33,武器奇术!$A:$R,18,FALSE)="天工",AE33,(AE33+AT33+BI33+BX33+CM33+DB33+DQ33))*(1+J33)*F33*K33*(1+G33) -> 14193.658 | I33: =H33/$C$30 -> 0.0016358184 | J33: =$F$3+VLOOKUP($E33,武器奇术!$A:$R,12,FALSE)+VLOOKUP($E33,武器奇术!$A:$R,14,FALSE)*$G$3+$P33+IF($F$21="√",5%,0) -> 0.467 | K33: =VLOOKUP($E33,武器奇术!$A:$R,11,FALSE) -> 1 | L33: =IF(VLOOKUP($E33,武器奇术!$A:$R,15,FALSE)="天工",0%,IF($C$17+VLOOKUP($E33,武器奇术!$A:$R,7,FALSE)>80%,80%,$C$17+VLOOKUP($E33,武器奇术!$A:$R,7,FALSE))+IF($C$19>20%,20%,$C$19)) -> 0.8703 | M33: =IF(VLOOKUP($E33,武器奇术!$A:$R,15,FALSE)="天工",0%,IF($C$18+VLOOKUP($E33,武器奇术!$A:$R,9,FALSE)>40%,40%,$C$18+VLOOKUP($E33,武器奇术!$A:$R,9,FALSE))+IF($C$20>10%,10%,$C$20)) -> 0.0986 | N33: =IF(VLOOKUP($E33,武器奇术!$A:$R,15,FALSE)="天工",100%,MIN($C$16,1)) -> 1 | O33: =VLOOKUP($E33,武器奇术!$A:$R,16,FALSE) -> 扇 | P33: =VLOOKUP($O33,$B$22:$C$27,2,FALSE)+IF(OR($O33="伞",$O33="扇"),$C$24,0) -> 0.084 | Q33: =$B$5*(1+VLOOKUP($E33,武器奇术!$A:$R,5,FALSE))*(1+VLOOKUP($E33,武器奇术!$A:$S,19,FALSE)+IF($G$5="飞隼",0.1,0)+IF($G$5="撼天",0.05,0))-$F$9+IF($J$5="√",160,0) -> 3081.85 | R33: =IF(VLOOKUP($E33,武器奇术!$A:$Z,18,FALSE)="叶龙",(S33-(Q33+S33)*0.5)*($G$15-0.5)*2+(Q33+S33)*0.5,(Q33+S33)*0.5) -> 3161.85 | S33: =MAX($C$5,$B$5)*(1+VLOOKUP($E33,武器奇术!$A:$R,6,FALSE))*(1+VLOOKUP($E33,武器奇术!$A:$S,19,FALSE)+IF($G$5="飞隼",0.1,0)+IF($G$5="撼天",0.05,0))-$F$9+IF($J$5="√",320,0) -> 3241.85 | T33: =IF(($D$5+VLOOKUP($E33,武器奇术!$A:$R,13,FALSE)+IF($I$3="√",10,0)-VLOOKUP($F$7,目标属性!$A:$R,5,FALSE))>0,($D$5+VLOOKUP($E33,武器奇术!$A:$R,13,FALSE)+IF($I$3="√",10,0)-VLOOKUP($F$7,目标属性!$A:$R,5,FALSE))/200,($D$5+VLOOKUP($E33,武器奇术!$A:$R,13,FALSE)+IF($I$3="√",10,0)-VLOOKUP($F$7,目标属性!$A:$R,5,FALSE))/100) -> 0.2675 | U33: =$E$5+IF($G$5="烟柳",IF(VLOOKUP($E33,武器奇术!$A:$T,20,FALSE)=1,0.1,0),0) -> 0 | V33: 1 | W33: =Q33*VLOOKUP($E33,武器奇术!$A:$R,2,FALSE)*(1+T33)*(1+U33)*V33 -> 3619.5265 | X33: =(1-IF(VLOOKUP($E33,武器奇术!$A:$R,18,FALSE)="叶龙",1,$N33))*(1-$M33) -> 0 | Y33: =R33*VLOOKUP($E33,武器奇术!$A:$R,2,FALSE)*(1+T33)*(1+U33)*V33*(1+$E$16+VLOOKUP($E33,武器奇术!$A:$R,8,FALSE)) -> 6104.9673 | Z33: =IF($L33+$M33<=100%,$N33*$L33,$N33*(1-$M33)) -> 0.8703 | AA33: =S33*VLOOKUP($E33,武器奇术!$A:$R,2,FALSE)*(1+T33)*(1+U33)*V33*(1+$E$17+VLOOKUP($E33,武器奇术!$A:$R,10,FALSE)) -> 5140.0453 | AB33: =$M33 -> 0.0986 | AC33: =R33*VLOOKUP($E33,武器奇术!$A:$R,2,FALSE)*(1+T33)*(1+U33)*V33 -> 3713.4837 | AD33: =MAX((1-X33-Z33-AB33),0) -> 0.0311 | AE33: =W33*X33+Y33*Z33+AA33*AB33+AC33*AD33 -> 5935.4508 | AF33: =VLOOKUP($E33,武器奇术!$A:$R,3,FALSE)*(1+IF(VLOOKUP($E33,武器奇术!$A:$R,15,FALSE)="武器",$E$15,0)) -> 279.5 | AG33: =(AF33+AH33)/2 -> 279.5 | AH33: =VLOOKUP($E33,武器奇术!$A:$R,3,FALSE)*(1+IF(VLOOKUP($E33,武器奇术!$A:$R,15,FALSE)="武器",$E$15,0)) -> 279.5 | AI33: =IF(($D$5+VLOOKUP($E33,武器奇术!$A:$R,13,FALSE)+IF($I$3="√",10,0)-VLOOKUP($F$7,目标属性!$A:$R,5,FALSE))>0,($D$5+VLOOKUP($E33,武器奇术!$A:$R,13,FALSE)+IF($I$3="√",10,0)-VLOOKUP($F$7,目标属性!$A:$R,5,FALSE))/200,($D$5+VLOOKUP($E33,武器奇术!$A:$R,13,FALSE)+IF($I$3="√",10,0)-VLOOKUP($F$7,目标属性!$A:$R,5,FALSE))/100) -> 0.2675 | AJ33: =$E$5+IF($G$5="烟柳",IF(VLOOKUP($E33,武器奇术!$A:$T,20,FALSE)=1,0.1,0),0) -> 0 | AK33: 1 | AL33: =AF33*(1+AI33)*(1+AJ33)*AK33 -> 354.26625 | AM33: =(1-IF(VLOOKUP($E33,武器奇术!$A:$R,18,FALSE)="叶龙",1,$N33))*(1-$M33) -> 0 | AN33: =AG33*(1+AI33)*(1+AJ33)*AK33*(1+$E$16+VLOOKUP($E33,武器奇术!$A:$R,8,FALSE)) -> 582.41372 | AO33: =IF($L33+$M33<=100%,$N33*$L33,$N33*(1-$M33)) -> 0.8703 | AP33: =AH33*(1+AI33)*(1+AJ33)*AK33*(1+$E$17+VLOOKUP($E33,武器奇术!$A:$R,10,FALSE)) -> 478.25944 | AQ33: =$M33 -> 0.0986 | AR33: =AG33*(1+AI33)*(1+AJ33)*AK33 -> 354.26625 | AS33: =MAX((1-AM33-AO33-AQ33),0) -> 0.0311 | AT33: =AL33*AM33+AN33*AO33+AP33*AQ33+AR33*AS33 -> 565.04872 | AU33: =$B$7*IF($G$5="撼天",1.05,1)+IF(AND(VLOOKUP($E33,武器奇术!$A:$R,15,FALSE)="武器",VLOOKUP($E33,武器奇术!$A:$R,17,FALSE)="鸣金"),$E$3*(1+$E$15),0) -> 0 | AV33: =(AU33+AW33)/2 -> 0 | AW33: =MAX($C$7*IF($G$5="撼天",1.05,1)+IF(AND(VLOOKUP($E33,武器奇术!$A:$R,15,FALSE)="武器",VLOOKUP($E33,武器奇术!$A:$R,17,FALSE)="鸣金"),$E$3*(1+$E$15),0),AU33) -> 0 | AX33: =IF(($D$7+IF(VLOOKUP($E33,武器奇术!$A:$R,17,FALSE)="鸣金",$D$15,0)-VLOOKUP($F$7,目标属性!$A:$R,6,FALSE))>0,($D$7+IF(VLOOKUP($E33,武器奇术!$A:$R,17,FALSE)="鸣金",$D$15,0)-VLOOKUP($F$7,目标属性!$A:$R,6,FALSE))/200,($D$7+IF(VLOOKUP($E33,武器奇术!$A:$R,17,FALSE)="鸣金",$D$15,0)-VLOOKUP($F$7,目标属性!$A:$R,6,FALSE))/100) -> -0.24 | AY33: =$E$7 -> 0 | AZ33: 1 | BA33: =AU33*IF(VLOOKUP($E33,武器奇术!$A:$R,17,FALSE)="鸣金",VLOOKUP($E33,武器奇术!$A:$R,4,FALSE),VLOOKUP($E33,武器奇术!$A:$R,2,FALSE))*(1+AX33)*(1+AY33)*AZ33 -> 0 | BB33: =(1-IF(VLOOKUP($E33,武器奇术!$A:$R,18,FALSE)="叶龙",1,$N33))*(1-$M33) -> 0 | BC33: =AV33*IF(VLOOKUP($E33,武器奇术!$A:$R,17,FALSE)="鸣金",VLOOKUP($E33,武器奇术!$A:$R,4,FALSE),VLOOKUP($E33,武器奇术!$A:$R,2,FALSE))*(1+AX33)*(1+AY33)*AZ33*(1+$E$16+VLOOKUP($E33,武器奇术!$A:$R,8,FALSE)) -> 0 | BD33: =IF($L33+$M33<=100%,$N33*$L33,$N33*(1-$M33)) -> 0.8703 | BE33: =AW33*IF(VLOOKUP($E33,武器奇术!$A:$R,17,FALSE)="鸣金",VLOOKUP($E33,武器奇术!$A:$R,4,FALSE),VLOOKUP($E33,武器奇术!$A:$R,2,FALSE))*(1+AX33)*(1+AY33)*AZ33*(1+$E$17+VLOOKUP($E33,武器奇术!$A:$R,10,FALSE)) -> 0 | BF33: =$M33 -> 0.0986 | BG33: =AV33*IF(VLOOKUP($E33,武器奇术!$A:$R,17,FALSE)="鸣金",VLOOKUP($E33,武器奇术!$A:$R,4,FALSE),VLOOKUP($E33,武器奇术!$A:$R,2,FALSE))*(1+AX33)*(1+AY33)*AZ33 -> 0 | BH33: =MAX((1-BB33-BD33-BF33),0) -> 0.0311 | BI33: =BA33*BB33+BC33*BD33+BE33*BF33+BG33*BH33 -> 0 | BJ33: =$B$9*IF($G$5="撼天",1.05,1)+IF(AND(VLOOKUP($E33,武器奇术!$A:$R,15,FALSE)="武器",VLOOKUP($E33,武器奇术!$A:$R,17,FALSE)="裂石"),$E$3*(1+$E$15),0) -> 0 | BK33: =(BJ33+BL33)/2 -> 0 | BL33: =MAX($C$9*IF($G$5="撼天",1.05,1)+IF(AND(VLOOKUP($E33,武器奇术!$A:$R,15,FALSE)="武器",VLOOKUP($E33,武器奇术!$A:$R,17,FALSE)="裂石"),$E$3*(1+$E$15),0),BJ33) -> 0 | BM33: =IF(($D$9+IF(VLOOKUP($E33,武器奇术!$A:$R,17,FALSE)="裂石",$D$15,0)-VLOOKUP($F$7,目标属性!$A:$R,6,FALSE))>0,($D$9+IF(VLOOKUP($E33,武器奇术!$A:$R,17,FALSE)="裂石",$D$15,0)-VLOOKUP($F$7,目标属性!$A:$R,6,FALSE))/200,($D$9+IF(VLOOKUP($E33,武器奇术!$A:$R,17,FALSE)="裂石",$D$15,0)-VLOOKUP($F$7,目标属性!$A:$R,6,FALSE))/100) -> -0.24 | BN33: =$E$9 -> 0 | BO33: 1 | BP33: =BJ33*IF(VLOOKUP($E33,武器奇术!$A:$R,17,FALSE)="裂石",VLOOKUP($E33,武器奇术!$A:$R,4,FALSE),VLOOKUP($E33,武器奇术!$A:$R,2,FALSE))*(1+BM33)*(1+BN33)*BO33 -> 0 | BQ33: =(1-IF(VLOOKUP($E33,武器奇术!$A:$R,18,FALSE)="叶龙",1,$N33))*(1-$M33) -> 0 | BR33: =BK33*IF(VLOOKUP($E33,武器奇术!$A:$R,17,FALSE)="裂石",VLOOKUP($E33,武器奇术!$A:$R,4,FALSE),VLOOKUP($E33,武器奇术!$A:$R,2,FALSE))*(1+BM33)*(1+BN33)*BO33*(1+$E$16+VLOOKUP($E33,武器奇术!$A:$R,8,FALSE)) -> 0 | BS33: =IF($L33+$M33<=100%,$N33*$L33,$N33*(1-$M33)) -> 0.8703 | BT33: =BL33*IF(VLOOKUP($E33,武器奇术!$A:$R,17,FALSE)="裂石",VLOOKUP($E33,武器奇术!$A:$R,4,FALSE),VLOOKUP($E33,武器奇术!$A:$R,2,FALSE))*(1+BM33)*(1+BN33)*BO33*(1+$E$17+VLOOKUP($E33,武器奇术!$A:$R,10,FALSE)) -> 0 | BU33: =$M33 -> 0.0986 | BV33: =BK33*IF(VLOOKUP($E33,武器奇术!$A:$R,17,FALSE)="裂石",VLOOKUP($E33,武器奇术!$A:$R,4,FALSE),VLOOKUP($E33,武器奇术!$A:$R,2,FALSE))*(1+BM33)*(1+BN33)*BO33 -> 0 | BW33: =MAX((1-BQ33-BS33-BU33),0) -> 0.0311 | BX33: =BP33*BQ33+BR33*BS33+BT33*BU33+BV33*BW33 -> 0 | BY33: =$B$11*IF($G$5="撼天",1.05,1)+IF(AND(VLOOKUP($E33,武器奇术!$A:$R,15,FALSE)="武器",VLOOKUP($E33,武器奇术!$A:$R,17,FALSE)="牵丝"),$E$3*(1+$E$15),0) -> 686.71 | BZ33: =IF(VLOOKUP($E33,武器奇术!$A:$Z,18,FALSE)="叶龙",(CA33-(BY33+CA33)*0.5)*($G$15-0.5)*2+(BY33+CA33)*0.5,(BY33+CA33)*0.5) -> 1052.21 | CA33: =MAX($C$11*IF($G$5="撼天",1.05,1)+IF(AND(VLOOKUP($E33,武器奇术!$A:$R,15,FALSE)="武器",VLOOKUP($E33,武器奇术!$A:$R,17,FALSE)="牵丝"),$E$3*(1+$E$15),0),BY33) -> 1417.71 | CB33: =IF(($D$11+IF(VLOOKUP($E33,武器奇术!$A:$R,17,FALSE)="牵丝",$D$15,0)-VLOOKUP($F$7,目标属性!$A:$R,6,FALSE))>0,($D$11+IF(VLOOKUP($E33,武器奇术!$A:$R,17,FALSE)="牵丝",$D$15,0)-VLOOKUP($F$7,目标属性!$A:$R,6,FALSE))/200,($D$11+IF(VLOOKUP($E33,武器奇术!$A:$R,17,FALSE)="牵丝",$D$15,0)-VLOOKUP($F$7,目标属性!$A:$R,6,FALSE))/100) -> 0.028 | CC33: =$E$11+IF($G$5="烟柳",IF(VLOOKUP($E33,武器奇术!$A:$T,20,FALSE)=1,0.1,0),0) -> 0.148 | CD33: 1 | CE33: =BY33*IF(VLOOKUP($E33,武器奇术!$A:$R,17,FALSE)="牵丝",VLOOKUP($E33,武器奇术!$A:$R,4,FALSE),VLOOKUP($E33,武器奇术!$A:$R,2,FALSE))*(1+CB33)*(1+CC33)*CD33 -> 1126.3982 | CF33: =(1-IF(VLOOKUP($E33,武器奇术!$A:$R,18,FALSE)="叶龙",1,$N33))*(1-$M33) -> 0 | CG33: =BZ33*IF(VLOOKUP($E33,武器奇术!$A:$R,17,FALSE)="牵丝",VLOOKUP($E33,武器奇术!$A:$R,4,FALSE),VLOOKUP($E33,武器奇术!$A:$R,2,FALSE))*(1+CB33)*(1+CC33)*CD33*(1+$E$16+VLOOKUP($E33,武器奇术!$A:$R,8,FALSE)) -> 2837.4146 | CH33: =IF($L33+$M33<=100%,$N33*$L33,$N33*(1-$M33)) -> 0.8703 | CI33: =CA33*IF(VLOOKUP($E33,武器奇术!$A:$R,17,FALSE)="牵丝",VLOOKUP($E33,武器奇术!$A:$R,4,FALSE),VLOOKUP($E33,武器奇术!$A:$R,2,FALSE))*(1+CB33)*(1+CC33)*CD33*(1+$E$17+VLOOKUP($E33,武器奇术!$A:$R,10,FALSE)) -> 3139.3499 | CJ33: =$M33 -> 0.0986 | CK33: =BZ33*IF(VLOOKUP($E33,武器奇术!$A:$R,17,FALSE)="牵丝",VLOOKUP($E33,武器奇术!$A:$R,4,FALSE),VLOOKUP($E33,武器奇术!$A:$R,2,FALSE))*(1+CB33)*(1+CC33)*CD33 -> 1725.9213 | CL33: =MAX((1-CF33-CH33-CJ33),0) -> 0.0311 | CM33: =CE33*CF33+CG33*CH33+CI33*CJ33+CK33*CL33 -> 2832.618 | CN33: =$B$13*IF($G$5="撼天",1.05,1)+IF(AND(VLOOKUP($E33,武器奇术!$A:$R,15,FALSE)="武器",VLOOKUP($E33,武器奇术!$A:$R,17,FALSE)="破竹"),$E$3*(1+$E$15),0) -> 0 | CO33: =(CN33+CP33)/2 -> 0 | CP33: =MAX($C$13*IF($G$5="撼天",1.05,1)+IF(AND(VLOOKUP($E33,武器奇术!$A:$R,15,FALSE)="武器",VLOOKUP($E33,武器奇术!$A:$R,17,FALSE)="破竹"),$E$3*(1+$E$15),0),CN33) -> 0 | CQ33: =IF(($D$13+IF(VLOOKUP($E33,武器奇术!$A:$R,17,FALSE)="破竹",$D$15,0)-VLOOKUP($F$7,目标属性!$A:$R,6,FALSE))>0,($D$13+IF(VLOOKUP($E33,武器奇术!$A:$R,17,FALSE)="破竹",$D$15,0)-VLOOKUP($F$7,目标属性!$A:$R,6,FALSE))/200,($D$13+IF(VLOOKUP($E33,武器奇术!$A:$R,17,FALSE)="破竹",$D$15,0)-VLOOKUP($F$7,目标属性!$A:$R,6,FALSE))/100) -> -0.24 | CR33: =$E$13 -> 0 | CS33: 1 | CT33: =CN33*IF(VLOOKUP($E33,武器奇术!$A:$R,17,FALSE)="破竹",VLOOKUP($E33,武器奇术!$A:$R,4,FALSE),VLOOKUP($E33,武器奇术!$A:$R,2,FALSE))*(1+CQ33)*(1+CR33)*CS33 -> 0 | CU33: =(1-IF(VLOOKUP($E33,武器奇术!$A:$R,18,FALSE)="叶龙",1,$N33))*(1-$M33) -> 0 | CV33: =CO33*IF(VLOOKUP($E33,武器奇术!$A:$R,17,FALSE)="破竹",VLOOKUP($E33,武器奇术!$A:$R,4,FALSE),VLOOKUP($E33,武器奇术!$A:$R,2,FALSE))*(1+CQ33)*(1+CR33)*CS33*(1+$E$16+VLOOKUP($E33,武器奇术!$A:$R,8,FALSE)) -> 0 | CW33: =IF($L33+$M33<=100%,$N33*$L33,$N33*(1-$M33)) -> 0.8703 | CX33: =CP33*IF(VLOOKUP($E33,武器奇术!$A:$R,17,FALSE)="破竹",VLOOKUP($E33,武器奇术!$A:$R,4,FALSE),VLOOKUP($E33,武器奇术!$A:$R,2,FALSE))*(1+CQ33)*(1+CR33)*CS33*(1+$E$17+VLOOKUP($E33,武器奇术!$A:$R,10,FALSE)) -> 0 | CY33: =$M33 -> 0.0986 | CZ33: =CO33*IF(VLOOKUP($E33,武器奇术!$A:$R,17,FALSE)="破竹",VLOOKUP($E33,武器奇术!$A:$R,4,FALSE),VLOOKUP($E33,武器奇术!$A:$R,2,FALSE))*(1+CQ33)*(1+CR33)*CS33 -> 0 | DA33: =MAX((1-CU33-CW33-CY33),0) -> 0.0311 | DB33: =CT33*CU33+CV33*CW33+CX33*CY33+CZ33*DA33 -> 0 | DC33: =$B$15*IF($G$5="撼天",1.05,1) -> 66 | DD33: =(DC33+DE33)/2 -> 125.8 | DE33: =$C$15*IF($G$5="撼天",1.05,1) -> 185.6 | DF33: =IF((IF(VLOOKUP($E33,武器奇术!$A:$R,17,FALSE)="鸣金",$D$7,0)+IF(VLOOKUP($E33,武器奇术!$A:$R,17,FALSE)="裂石",$D$9,0)+IF(VLOOKUP($E33,武器奇术!$A:$R,17,FALSE)="牵丝",$D$11,0)+IF(VLOOKUP($E33,武器奇术!$A:$R,17,FALSE)="破竹",$D$13,0)+$D$15-VLOOKUP($F$7,目标属性!$A:$R,6,FALSE))>0,(IF(VLOOKUP($E33,武器奇术!$A:$R,17,FALSE)="鸣金",$D$7,0)+IF(VLOOKUP($E33,武器奇术!$A:$R,17,FALSE)="裂石",$D$9,0)+IF(VLOOKUP($E33,武器奇术!$A:$R,17,FALSE)="牵丝",$D$11,0)+IF(VLOOKUP($E33,武器奇术!$A:$R,17,FALSE)="破竹",$D$13,0)+$D$15-VLOOKUP($F$7,目标属性!$A:$R,6,FALSE))/200,(IF(VLOOKUP($E33,武器奇术!$A:$R,17,FALSE)="鸣金",$D$7,0)+IF(VLOOKUP($E33,武器奇术!$A:$R,17,FALSE)="裂石",$D$9,0)+IF(VLOOKUP($E33,武器奇术!$A:$R,17,FALSE)="牵丝",$D$11,0)+IF(VLOOKUP($E33,武器奇术!$A:$R,17,FALSE)="破竹",$D$13,0)+$D$15-VLOOKUP($F$7,目标属性!$A:$R,6,FALSE))/100) -> 0.028 | DG33: =$E$11+IF($G$5="烟柳",IF(VLOOKUP($E33,武器奇术!$A:$T,20,FALSE)=1,0.1,0),0) -> 0.148 | DH33: 1 | DI33: =DC33*IF(VLOOKUP($E33,武器奇术!$A:$R,17,FALSE)="牵丝",VLOOKUP($E33,武器奇术!$A:$R,4,FALSE),VLOOKUP($E33,武器奇术!$A:$R,2,FALSE))*(1+DF33)*(1+DG33)*DH33 -> 108.25862 | DJ33: =(1-IF(VLOOKUP($E33,武器奇术!$A:$R,18,FALSE)="叶龙",1,$N33))*(1-$M33) -> 0 | DK33: =DD33*IF(VLOOKUP($E33,武器奇术!$A:$R,17,FALSE)="牵丝",VLOOKUP($E33,武器奇术!$A:$R,4,FALSE),VLOOKUP($E33,武器奇术!$A:$R,2,FALSE))*(1+DF33)*(1+DG33)*DH33*(1+$E$16+VLOOKUP($E33,武器奇术!$A:$R,8,FALSE)) -> 339.23528 | DL33: =IF($L33+$M33<=100%,$N33*$L33,$N33*(1-$M33)) -> 0.8703 | DM33: =DE33*IF(VLOOKUP($E33,武器奇术!$A:$R,17,FALSE)="牵丝",VLOOKUP($E33,武器奇术!$A:$R,4,FALSE),VLOOKUP($E33,武器奇术!$A:$R,2,FALSE))*(1+DF33)*(1+DG33)*DH33*(1+$E$17+VLOOKUP($E33,武器奇术!$A:$R,10,FALSE)) -> 410.98909 | DN33: =$M33 -> 0.0986 | DO33: =DD33*IF(VLOOKUP($E33,武器奇术!$A:$R,17,FALSE)="牵丝",VLOOKUP($E33,武器奇术!$A:$R,4,FALSE),VLOOKUP($E33,武器奇术!$A:$R,2,FALSE))*(1+DF33)*(1+DG33)*DH33 -> 206.34749 | DP33: =MAX((1-DJ33-DL33-DN33),0) -> 0.0311 | DQ33: =DI33*DJ33+DK33*DL33+DM33*DN33+DO33*DP33 -> 342.1774
E34: 扇普通重击派生(风墙小纵) | F34: 1 | H34: =IF(VLOOKUP($E34,武器奇术!$A:$R,18,FALSE)="天工",AE34,(AE34+AT34+BI34+BX34+CM34+DB34+DQ34))*(1+J34)*F34*K34*(1+G34) -> 39185.809 | I34: =H34/$C$30 -> 0.0045161629 | J34: =$F$3+VLOOKUP($E34,武器奇术!$A:$R,12,FALSE)+VLOOKUP($E34,武器奇术!$A:$R,14,FALSE)*$G$3+$P34+IF($F$21="√",5%,0) -> 0.567 | K34: =VLOOKUP($E34,武器奇术!$A:$R,11,FALSE) -> 1 | L34: =IF(VLOOKUP($E34,武器奇术!$A:$R,15,FALSE)="天工",0%,IF($C$17+VLOOKUP($E34,武器奇术!$A:$R,7,FALSE)>80%,80%,$C$17+VLOOKUP($E34,武器奇术!$A:$R,7,FALSE))+IF($C$19>20%,20%,$C$19)) -> 0.8703 | M34: =IF(VLOOKUP($E34,武器奇术!$A:$R,15,FALSE)="天工",0%,IF($C$18+VLOOKUP($E34,武器奇术!$A:$R,9,FALSE)>40%,40%,$C$18+VLOOKUP($E34,武器奇术!$A:$R,9,FALSE))+IF($C$20>10%,10%,$C$20)) -> 0.0986 | N34: =IF(VLOOKUP($E34,武器奇术!$A:$R,15,FALSE)="天工",100%,MIN($C$16,1)) -> 1 | O34: =VLOOKUP($E34,武器奇术!$A:$R,16,FALSE) -> 扇 | P34: =VLOOKUP($O34,$B$22:$C$27,2,FALSE)+IF(OR($O34="伞",$O34="扇"),$C$24,0) -> 0.084 | Q34: =$B$5*(1+VLOOKUP($E34,武器奇术!$A:$R,5,FALSE))*(1+VLOOKUP($E34,武器奇术!$A:$S,19,FALSE)+IF($G$5="飞隼",0.1,0)+IF($G$5="撼天",0.05,0))-$F$9+IF($J$5="√",160,0) -> 3081.85 | R34: =IF(VLOOKUP($E34,武器奇术!$A:$Z,18,FALSE)="叶龙",(S34-(Q34+S34)*0.5)*($G$15-0.5)*2+(Q34+S34)*0.5,(Q34+S34)*0.5) -> 3161.85 | S34: =MAX($C$5,$B$5)*(1+VLOOKUP($E34,武器奇术!$A:$R,6,FALSE))*(1+VLOOKUP($E34,武器奇术!$A:$S,19,FALSE)+IF($G$5="飞隼",0.1,0)+IF($G$5="撼天",0.05,0))-$F$9+IF($J$5="√",320,0) -> 3241.85 | T34: =IF(($D$5+VLOOKUP($E34,武器奇术!$A:$R,13,FALSE)+IF($I$3="√",10,0)-VLOOKUP($F$7,目标属性!$A:$R,5,FALSE))>0,($D$5+VLOOKUP($E34,武器奇术!$A:$R,13,FALSE)+IF($I$3="√",10,0)-VLOOKUP($F$7,目标属性!$A:$R,5,FALSE))/200,($D$5+VLOOKUP($E34,武器奇术!$A:$R,13,FALSE)+IF($I$3="√",10,0)-VLOOKUP($F$7,目标属性!$A:$R,5,FALSE))/100) -> 0.2675 | U34: =$E$5+IF($G$5="烟柳",IF(VLOOKUP($E34,武器奇术!$A:$T,20,FALSE)=1,0.1,0),0) -> 0.1 | V34: 1 | W34: =Q34*VLOOKUP($E34,武器奇术!$A:$R,2,FALSE)*(1+T34)*(1+U34)*V34 -> 7774.3687 | X34: =(1-IF(VLOOKUP($E34,武器奇术!$A:$R,18,FALSE)="叶龙",1,$N34))*(1-$M34) -> 0 | Y34: =R34*VLOOKUP($E34,武器奇术!$A:$R,2,FALSE)*(1+T34)*(1+U34)*V34*(1+$E$16+VLOOKUP($E34,武器奇术!$A:$R,8,FALSE)) -> 15984.263 | Z34: =IF($L34+$M34<=100%,$N34*$L34,$N34*(1-$M34)) -> 0.8703 | AA34: =S34*VLOOKUP($E34,武器奇术!$A:$R,2,FALSE)*(1+T34)*(1+U34)*V34*(1+$E$17+VLOOKUP($E34,武器奇术!$A:$R,10,FALSE)) -> 11040.286 | AB34: =$M34 -> 0.0986 | AC34: =R34*VLOOKUP($E34,武器奇术!$A:$R,2,FALSE)*(1+T34)*(1+U34)*V34 -> 7976.1791 | AD34: =MAX((1-X34-Z34-AB34),0) -> 0.0311 | AE34: =W34*X34+Y34*Z34+AA34*AB34+AC34*AD34 -> 15247.735 | AF34: =VLOOKUP($E34,武器奇术!$A:$R,3,FALSE)*(1+IF(VLOOKUP($E34,武器奇术!$A:$R,15,FALSE)="武器",$E$15,0)) -> 652.21 | AG34: =(AF34+AH34)/2 -> 652.21 | AH34: =VLOOKUP($E34,武器奇术!$A:$R,3,FALSE)*(1+IF(VLOOKUP($E34,武器奇术!$A:$R,15,FALSE)="武器",$E$15,0)) -> 652.21 | AI34: =IF(($D$5+VLOOKUP($E34,武器奇术!$A:$R,13,FALSE)+IF($I$3="√",10,0)-VLOOKUP($F$7,目标属性!$A:$R,5,FALSE))>0,($D$5+VLOOKUP($E34,武器奇术!$A:$R,13,FALSE)+IF($I$3="√",10,0)-VLOOKUP($F$7,目标属性!$A:$R,5,FALSE))/200,($D$5+VLOOKUP($E34,武器奇术!$A:$R,13,FALSE)+IF($I$3="√",10,0)-VLOOKUP($F$7,目标属性!$A:$R,5,FALSE))/100) -> 0.2675 | AJ34: =$E$5+IF($G$5="烟柳",IF(VLOOKUP($E34,武器奇术!$A:$T,20,FALSE)=1,0.1,0),0) -> 0.1 | AK34: 1 | AL34: =AF34*(1+AI34)*(1+AJ34)*AK34 -> 909.34379 | AM34: =(1-IF(VLOOKUP($E34,武器奇术!$A:$R,18,FALSE)="叶龙",1,$N34))*(1-$M34) -> 0 | AN34: =AG34*(1+AI34)*(1+AJ34)*AK34*(1+$E$16+VLOOKUP($E34,武器奇术!$A:$R,8,FALSE)) -> 1822.325 | AO34: =IF($L34+$M34<=100%,$N34*$L34,$N34*(1-$M34)) -> 0.8703 | AP34: =AH34*(1+AI34)*(1+AJ34)*AK34*(1+$E$17+VLOOKUP($E34,武器奇术!$A:$R,10,FALSE)) -> 1227.6141 | AQ34: =$M34 -> 0.0986 | AR34: =AG34*(1+AI34)*(1+AJ34)*AK34 -> 909.34379 | AS34: =MAX((1-AM34-AO34-AQ34),0) -> 0.0311 | AT34: =AL34*AM34+AN34*AO34+AP34*AQ34+AR34*AS34 -> 1735.2928 | AU34: =$B$7*IF($G$5="撼天",1.05,1)+IF(AND(VLOOKUP($E34,武器奇术!$A:$R,15,FALSE)="武器",VLOOKUP($E34,武器奇术!$A:$R,17,FALSE)="鸣金"),$E$3*(1+$E$15),0) -> 0 | AV34: =(AU34+AW34)/2 -> 0 | AW34: =MAX($C$7*IF($G$5="撼天",1.05,1)+IF(AND(VLOOKUP($E34,武器奇术!$A:$R,15,FALSE)="武器",VLOOKUP($E34,武器奇术!$A:$R,17,FALSE)="鸣金"),$E$3*(1+$E$15),0),AU34) -> 0 | AX34: =IF(($D$7+IF(VLOOKUP($E34,武器奇术!$A:$R,17,FALSE)="鸣金",$D$15,0)-VLOOKUP($F$7,目标属性!$A:$R,6,FALSE))>0,($D$7+IF(VLOOKUP($E34,武器奇术!$A:$R,17,FALSE)="鸣金",$D$15,0)-VLOOKUP($F$7,目标属性!$A:$R,6,FALSE))/200,($D$7+IF(VLOOKUP($E34,武器奇术!$A:$R,17,FALSE)="鸣金",$D$15,0)-VLOOKUP($F$7,目标属性!$A:$R,6,FALSE))/100) -> -0.24 | AY34: =$E$7 -> 0 | AZ34: 1 | BA34: =AU34*IF(VLOOKUP($E34,武器奇术!$A:$R,17,FALSE)="鸣金",VLOOKUP($E34,武器奇术!$A:$R,4,FALSE),VLOOKUP($E34,武器奇术!$A:$R,2,FALSE))*(1+AX34)*(1+AY34)*AZ34 -> 0 | BB34: =(1-IF(VLOOKUP($E34,武器奇术!$A:$R,18,FALSE)="叶龙",1,$N34))*(1-$M34) -> 0 | BC34: =AV34*IF(VLOOKUP($E34,武器奇术!$A:$R,17,FALSE)="鸣金",VLOOKUP($E34,武器奇术!$A:$R,4,FALSE),VLOOKUP($E34,武器奇术!$A:$R,2,FALSE))*(1+AX34)*(1+AY34)*AZ34*(1+$E$16+VLOOKUP($E34,武器奇术!$A:$R,8,FALSE)) -> 0 | BD34: =IF($L34+$M34<=100%,$N34*$L34,$N34*(1-$M34)) -> 0.8703 | BE34: =AW34*IF(VLOOKUP($E34,武器奇术!$A:$R,17,FALSE)="鸣金",VLOOKUP($E34,武器奇术!$A:$R,4,FALSE),VLOOKUP($E34,武器奇术!$A:$R,2,FALSE))*(1+AX34)*(1+AY34)*AZ34*(1+$E$17+VLOOKUP($E34,武器奇术!$A:$R,10,FALSE)) -> 0 | BF34: =$M34 -> 0.0986 | BG34: =AV34*IF(VLOOKUP($E34,武器奇术!$A:$R,17,FALSE)="鸣金",VLOOKUP($E34,武器奇术!$A:$R,4,FALSE),VLOOKUP($E34,武器奇术!$A:$R,2,FALSE))*(1+AX34)*(1+AY34)*AZ34 -> 0 | BH34: =MAX((1-BB34-BD34-BF34),0) -> 0.0311 | BI34: =BA34*BB34+BC34*BD34+BE34*BF34+BG34*BH34 -> 0 | BJ34: =$B$9*IF($G$5="撼天",1.05,1)+IF(AND(VLOOKUP($E34,武器奇术!$A:$R,15,FALSE)="武器",VLOOKUP($E34,武器奇术!$A:$R,17,FALSE)="裂石"),$E$3*(1+$E$15),0) -> 0 | BK34: =(BJ34+BL34)/2 -> 0 | BL34: =MAX($C$9*IF($G$5="撼天",1.05,1)+IF(AND(VLOOKUP($E34,武器奇术!$A:$R,15,FALSE)="武器",VLOOKUP($E34,武器奇术!$A:$R,17,FALSE)="裂石"),$E$3*(1+$E$15),0),BJ34) -> 0 | BM34: =IF(($D$9+IF(VLOOKUP($E34,武器奇术!$A:$R,17,FALSE)="裂石",$D$15,0)-VLOOKUP($F$7,目标属性!$A:$R,6,FALSE))>0,($D$9+IF(VLOOKUP($E34,武器奇术!$A:$R,17,FALSE)="裂石",$D$15,0)-VLOOKUP($F$7,目标属性!$A:$R,6,FALSE))/200,($D$9+IF(VLOOKUP($E34,武器奇术!$A:$R,17,FALSE)="裂石",$D$15,0)-VLOOKUP($F$7,目标属性!$A:$R,6,FALSE))/100) -> -0.24 | BN34: =$E$9 -> 0 | BO34: 1 | BP34: =BJ34*IF(VLOOKUP($E34,武器奇术!$A:$R,17,FALSE)="裂石",VLOOKUP($E34,武器奇术!$A:$R,4,FALSE),VLOOKUP($E34,武器奇术!$A:$R,2,FALSE))*(1+BM34)*(1+BN34)*BO34 -> 0 | BQ34: =(1-IF(VLOOKUP($E34,武器奇术!$A:$R,18,FALSE)="叶龙",1,$N34))*(1-$M34) -> 0 | BR34: =BK34*IF(VLOOKUP($E34,武器奇术!$A:$R,17,FALSE)="裂石",VLOOKUP($E34,武器奇术!$A:$R,4,FALSE),VLOOKUP($E34,武器奇术!$A:$R,2,FALSE))*(1+BM34)*(1+BN34)*BO34*(1+$E$16+VLOOKUP($E34,武器奇术!$A:$R,8,FALSE)) -> 0 | BS34: =IF($L34+$M34<=100%,$N34*$L34,$N34*(1-$M34)) -> 0.8703 | BT34: =BL34*IF(VLOOKUP($E34,武器奇术!$A:$R,17,FALSE)="裂石",VLOOKUP($E34,武器奇术!$A:$R,4,FALSE),VLOOKUP($E34,武器奇术!$A:$R,2,FALSE))*(1+BM34)*(1+BN34)*BO34*(1+$E$17+VLOOKUP($E34,武器奇术!$A:$R,10,FALSE)) -> 0 | BU34: =$M34 -> 0.0986 | BV34: =BK34*IF(VLOOKUP($E34,武器奇术!$A:$R,17,FALSE)="裂石",VLOOKUP($E34,武器奇术!$A:$R,4,FALSE),VLOOKUP($E34,武器奇术!$A:$R,2,FALSE))*(1+BM34)*(1+BN34)*BO34 -> 0 | BW34: =MAX((1-BQ34-BS34-BU34),0) -> 0.0311 | BX34: =BP34*BQ34+BR34*BS34+BT34*BU34+BV34*BW34 -> 0 | BY34: =$B$11*IF($G$5="撼天",1.05,1)+IF(AND(VLOOKUP($E34,武器奇术!$A:$R,15,FALSE)="武器",VLOOKUP($E34,武器奇术!$A:$R,17,FALSE)="牵丝"),$E$3*(1+$E$15),0) -> 686.71 | BZ34: =IF(VLOOKUP($E34,武器奇术!$A:$Z,18,FALSE)="叶龙",(CA34-(BY34+CA34)*0.5)*($G$15-0.5)*2+(BY34+CA34)*0.5,(BY34+CA34)*0.5) -> 1052.21 | CA34: =MAX($C$11*IF($G$5="撼天",1.05,1)+IF(AND(VLOOKUP($E34,武器奇术!$A:$R,15,FALSE)="武器",VLOOKUP($E34,武器奇术!$A:$R,17,FALSE)="牵丝"),$E$3*(1+$E$15),0),BY34) -> 1417.71 | CB34: =IF(($D$11+IF(VLOOKUP($E34,武器奇术!$A:$R,17,FALSE)="牵丝",$D$15,0)-VLOOKUP($F$7,目标属性!$A:$R,6,FALSE))>0,($D$11+IF(VLOOKUP($E34,武器奇术!$A:$R,17,FALSE)="牵丝",$D$15,0)-VLOOKUP($F$7,目标属性!$A:$R,6,FALSE))/200,($D$11+IF(VLOOKUP($E34,武器奇术!$A:$R,17,FALSE)="牵丝",$D$15,0)-VLOOKUP($F$7,目标属性!$A:$R,6,FALSE))/100) -> 0.028 | CC34: =$E$11+IF($G$5="烟柳",IF(VLOOKUP($E34,武器奇术!$A:$T,20,FALSE)=1,0.1,0),0) -> 0.248 | CD34: 1 | CE34: =BY34*IF(VLOOKUP($E34,武器奇术!$A:$R,17,FALSE)="牵丝",VLOOKUP($E34,武器奇术!$A:$R,4,FALSE),VLOOKUP($E34,武器奇术!$A:$R,2,FALSE))*(1+CB34)*(1+CC34)*CD34 -> 2390.9038 | CF34: =(1-IF(VLOOKUP($E34,武器奇术!$A:$R,18,FALSE)="叶龙",1,$N34))*(1-$M34) -> 0 | CG34: =BZ34*IF(VLOOKUP($E34,武器奇术!$A:$R,17,FALSE)="牵丝",VLOOKUP($E34,武器奇术!$A:$R,4,FALSE),VLOOKUP($E34,武器奇术!$A:$R,2,FALSE))*(1+CB34)*(1+CC34)*CD34*(1+$E$16+VLOOKUP($E34,武器奇术!$A:$R,8,FALSE)) -> 7341.5689 | CH34: =IF($L34+$M34<=100%,$N34*$L34,$N34*(1-$M34)) -> 0.8703 | CI34: =CA34*IF(VLOOKUP($E34,武器奇术!$A:$R,17,FALSE)="牵丝",VLOOKUP($E34,武器奇术!$A:$R,4,FALSE),VLOOKUP($E34,武器奇术!$A:$R,2,FALSE))*(1+CB34)*(1+CC34)*CD34*(1+$E$17+VLOOKUP($E34,武器奇术!$A:$R,10,FALSE)) -> 6663.6152 | CJ34: =$M34 -> 0.0986 | CK34: =BZ34*IF(VLOOKUP($E34,武器奇术!$A:$R,17,FALSE)="牵丝",VLOOKUP($E34,武器奇术!$A:$R,4,FALSE),VLOOKUP($E34,武器奇术!$A:$R,2,FALSE))*(1+CB34)*(1+CC34)*CD34 -> 3663.4576 | CL34: =MAX((1-CF34-CH34-CJ34),0) -> 0.0311 | CM34: =CE34*CF34+CG34*CH34+CI34*CJ34+CK34*CL34 -> 7160.3334 | CN34: =$B$13*IF($G$5="撼天",1.05,1)+IF(AND(VLOOKUP($E34,武器奇术!$A:$R,15,FALSE)="武器",VLOOKUP($E34,武器奇术!$A:$R,17,FALSE)="破竹"),$E$3*(1+$E$15),0) -> 0 | CO34: =(CN34+CP34)/2 -> 0 | CP34: =MAX($C$13*IF($G$5="撼天",1.05,1)+IF(AND(VLOOKUP($E34,武器奇术!$A:$R,15,FALSE)="武器",VLOOKUP($E34,武器奇术!$A:$R,17,FALSE)="破竹"),$E$3*(1+$E$15),0),CN34) -> 0 | CQ34: =IF(($D$13+IF(VLOOKUP($E34,武器奇术!$A:$R,17,FALSE)="破竹",$D$15,0)-VLOOKUP($F$7,目标属性!$A:$R,6,FALSE))>0,($D$13+IF(VLOOKUP($E34,武器奇术!$A:$R,17,FALSE)="破竹",$D$15,0)-VLOOKUP($F$7,目标属性!$A:$R,6,FALSE))/200,($D$13+IF(VLOOKUP($E34,武器奇术!$A:$R,17,FALSE)="破竹",$D$15,0)-VLOOKUP($F$7,目标属性!$A:$R,6,FALSE))/100) -> -0.24 | CR34: =$E$13 -> 0 | CS34: 1 | CT34: =CN34*IF(VLOOKUP($E34,武器奇术!$A:$R,17,FALSE)="破竹",VLOOKUP($E34,武器奇术!$A:$R,4,FALSE),VLOOKUP($E34,武器奇术!$A:$R,2,FALSE))*(1+CQ34)*(1+CR34)*CS34 -> 0 | CU34: =(1-IF(VLOOKUP($E34,武器奇术!$A:$R,18,FALSE)="叶龙",1,$N34))*(1-$M34) -> 0 | CV34: =CO34*IF(VLOOKUP($E34,武器奇术!$A:$R,17,FALSE)="破竹",VLOOKUP($E34,武器奇术!$A:$R,4,FALSE),VLOOKUP($E34,武器奇术!$A:$R,2,FALSE))*(1+CQ34)*(1+CR34)*CS34*(1+$E$16+VLOOKUP($E34,武器奇术!$A:$R,8,FALSE)) -> 0 | CW34: =IF($L34+$M34<=100%,$N34*$L34,$N34*(1-$M34)) -> 0.8703 | CX34: =CP34*IF(VLOOKUP($E34,武器奇术!$A:$R,17,FALSE)="破竹",VLOOKUP($E34,武器奇术!$A:$R,4,FALSE),VLOOKUP($E34,武器奇术!$A:$R,2,FALSE))*(1+CQ34)*(1+CR34)*CS34*(1+$E$17+VLOOKUP($E34,武器奇术!$A:$R,10,FALSE)) -> 0 | CY34: =$M34 -> 0.0986 | CZ34: =CO34*IF(VLOOKUP($E34,武器奇术!$A:$R,17,FALSE)="破竹",VLOOKUP($E34,武器奇术!$A:$R,4,FALSE),VLOOKUP($E34,武器奇术!$A:$R,2,FALSE))*(1+CQ34)*(1+CR34)*CS34 -> 0 | DA34: =MAX((1-CU34-CW34-CY34),0) -> 0.0311 | DB34: =CT34*CU34+CV34*CW34+CX34*CY34+CZ34*DA34 -> 0 | DC34: =$B$15*IF($G$5="撼天",1.05,1) -> 66 | DD34: =(DC34+DE34)/2 -> 125.8 | DE34: =$C$15*IF($G$5="撼天",1.05,1) -> 185.6 | DF34: =IF((IF(VLOOKUP($E34,武器奇术!$A:$R,17,FALSE)="鸣金",$D$7,0)+IF(VLOOKUP($E34,武器奇术!$A:$R,17,FALSE)="裂石",$D$9,0)+IF(VLOOKUP($E34,武器奇术!$A:$R,17,FALSE)="牵丝",$D$11,0)+IF(VLOOKUP($E34,武器奇术!$A:$R,17,FALSE)="破竹",$D$13,0)+$D$15-VLOOKUP($F$7,目标属性!$A:$R,6,FALSE))>0,(IF(VLOOKUP($E34,武器奇术!$A:$R,17,FALSE)="鸣金",$D$7,0)+IF(VLOOKUP($E34,武器奇术!$A:$R,17,FALSE)="裂石",$D$9,0)+IF(VLOOKUP($E34,武器奇术!$A:$R,17,FALSE)="牵丝",$D$11,0)+IF(VLOOKUP($E34,武器奇术!$A:$R,17,FALSE)="破竹",$D$13,0)+$D$15-VLOOKUP($F$7,目标属性!$A:$R,6,FALSE))/200,(IF(VLOOKUP($E34,武器奇术!$A:$R,17,FALSE)="鸣金",$D$7,0)+IF(VLOOKUP($E34,武器奇术!$A:$R,17,FALSE)="裂石",$D$9,0)+IF(VLOOKUP($E34,武器奇术!$A:$R,17,FALSE)="牵丝",$D$11,0)+IF(VLOOKUP($E34,武器奇术!$A:$R,17,FALSE)="破竹",$D$13,0)+$D$15-VLOOKUP($F$7,目标属性!$A:$R,6,FALSE))/100) -> 0.028 | DG34: =$E$11+IF($G$5="烟柳",IF(VLOOKUP($E34,武器奇术!$A:$T,20,FALSE)=1,0.1,0),0) -> 0.248 | DH34: 1 | DI34: =DC34*IF(VLOOKUP($E34,武器奇术!$A:$R,17,FALSE)="牵丝",VLOOKUP($E34,武器奇术!$A:$R,4,FALSE),VLOOKUP($E34,武器奇术!$A:$R,2,FALSE))*(1+DF34)*(1+DG34)*DH34 -> 229.79082 | DJ34: =(1-IF(VLOOKUP($E34,武器奇术!$A:$R,18,FALSE)="叶龙",1,$N34))*(1-$M34) -> 0 | DK34: =DD34*IF(VLOOKUP($E34,武器奇术!$A:$R,17,FALSE)="牵丝",VLOOKUP($E34,武器奇术!$A:$R,4,FALSE),VLOOKUP($E34,武器奇术!$A:$R,2,FALSE))*(1+DF34)*(1+DG34)*DH34*(1+$E$16+VLOOKUP($E34,武器奇术!$A:$R,8,FALSE)) -> 877.74244 | DL34: =IF($L34+$M34<=100%,$N34*$L34,$N34*(1-$M34)) -> 0.8703 | DM34: =DE34*IF(VLOOKUP($E34,武器奇术!$A:$R,17,FALSE)="牵丝",VLOOKUP($E34,武器奇术!$A:$R,4,FALSE),VLOOKUP($E34,武器奇术!$A:$R,2,FALSE))*(1+DF34)*(1+DG34)*DH34*(1+$E$17+VLOOKUP($E34,武器奇术!$A:$R,10,FALSE)) -> 872.36951 | DN34: =$M34 -> 0.0986 | DO34: =DD34*IF(VLOOKUP($E34,武器奇术!$A:$R,17,FALSE)="牵丝",VLOOKUP($E34,武器奇术!$A:$R,4,FALSE),VLOOKUP($E34,武器奇术!$A:$R,2,FALSE))*(1+DF34)*(1+DG34)*DH34 -> 437.99523 | DP34: =MAX((1-DJ34-DL34-DN34),0) -> 0.0311 | DQ34: =DI34*DJ34+DK34*DL34+DM34*DN34+DO34*DP34 -> 863.53653
B35: DPS | C35: =C30/C28 -> 114168.33 | E35: 扇左蓄(风墙3惊春小纵) | F35: 1 | H35: =IF(VLOOKUP($E35,武器奇术!$A:$R,18,FALSE)="天工",AE35,(AE35+AT35+BI35+BX35+CM35+DB35+DQ35))*(1+J35)*F35*K35*(1+G35) -> 75681.323 | I35: =H35/$C$30 -> 0.0087222692 | J35: =$F$3+VLOOKUP($E35,武器奇术!$A:$R,12,FALSE)+VLOOKUP($E35,武器奇术!$A:$R,14,FALSE)*$G$3+$P35+IF($F$21="√",5%,0) -> 0.957 | K35: =VLOOKUP($E35,武器奇术!$A:$R,11,FALSE) -> 1 | L35: =IF(VLOOKUP($E35,武器奇术!$A:$R,15,FALSE)="天工",0%,IF($C$17+VLOOKUP($E35,武器奇术!$A:$R,7,FALSE)>80%,80%,$C$17+VLOOKUP($E35,武器奇术!$A:$R,7,FALSE))+IF($C$19>20%,20%,$C$19)) -> 0.8703 | M35: =IF(VLOOKUP($E35,武器奇术!$A:$R,15,FALSE)="天工",0%,IF($C$18+VLOOKUP($E35,武器奇术!$A:$R,9,FALSE)>40%,40%,$C$18+VLOOKUP($E35,武器奇术!$A:$R,9,FALSE))+IF($C$20>10%,10%,$C$20)) -> 0.0986 | N35: =IF(VLOOKUP($E35,武器奇术!$A:$R,15,FALSE)="天工",100%,MIN($C$16,1)) -> 1 | O35: =VLOOKUP($E35,武器奇术!$A:$R,16,FALSE) -> 扇 | P35: =VLOOKUP($O35,$B$22:$C$27,2,FALSE)+IF(OR($O35="伞",$O35="扇"),$C$24,0) -> 0.084 | Q35: =$B$5*(1+VLOOKUP($E35,武器奇术!$A:$R,5,FALSE))*(1+VLOOKUP($E35,武器奇术!$A:$S,19,FALSE)+IF($G$5="飞隼",0.1,0)+IF($G$5="撼天",0.05,0))-$F$9+IF($J$5="√",160,0) -> 3081.85 | R35: =IF(VLOOKUP($E35,武器奇术!$A:$Z,18,FALSE)="叶龙",(S35-(Q35+S35)*0.5)*($G$15-0.5)*2+(Q35+S35)*0.5,(Q35+S35)*0.5) -> 3161.85 | S35: =MAX($C$5,$B$5)*(1+VLOOKUP($E35,武器奇术!$A:$R,6,FALSE))*(1+VLOOKUP($E35,武器奇术!$A:$S,19,FALSE)+IF($G$5="飞隼",0.1,0)+IF($G$5="撼天",0.05,0))-$F$9+IF($J$5="√",320,0) -> 3241.85 | T35: =IF(($D$5+VLOOKUP($E35,武器奇术!$A:$R,13,FALSE)+IF($I$3="√",10,0)-VLOOKUP($F$7,目标属性!$A:$R,5,FALSE))>0,($D$5+VLOOKUP($E35,武器奇术!$A:$R,13,FALSE)+IF($I$3="√",10,0)-VLOOKUP($F$7,目标属性!$A:$R,5,FALSE))/200,($D$5+VLOOKUP($E35,武器奇术!$A:$R,13,FALSE)+IF($I$3="√",10,0)-VLOOKUP($F$7,目标属性!$A:$R,5,FALSE))/100) -> 0.2925 | U35: =$E$5+IF($G$5="烟柳",IF(VLOOKUP($E35,武器奇术!$A:$T,20,FALSE)=1,0.1,0),0) -> 0.1 | V35: 1 | W35: =Q35*VLOOKUP($E35,武器奇术!$A:$R,2,FALSE)*(1+T35)*(1+U35)*V35 -> 12099.318 | X35: =(1-IF(VLOOKUP($E35,武器奇术!$A:$R,18,FALSE)="叶龙",1,$N35))*(1-$M35) -> 0 | Y35: =R35*VLOOKUP($E35,武器奇术!$A:$R,2,FALSE)*(1+T35)*(1+U35)*V35*(1+$E$16+VLOOKUP($E35,武器奇术!$A:$R,8,FALSE)) -> 24876.449 | Z35: =IF($L35+$M35<=100%,$N35*$L35,$N35*(1-$M35)) -> 0.8703 | AA35: =S35*VLOOKUP($E35,武器奇术!$A:$R,2,FALSE)*(1+T35)*(1+U35)*V35*(1+$E$17+VLOOKUP($E35,武器奇术!$A:$R,10,FALSE)) -> 17182.094 | AB35: =$M35 -> 0.0986 | AC35: =R35*VLOOKUP($E35,武器奇术!$A:$R,2,FALSE)*(1+T35)*(1+U35)*V35 -> 12413.398 | AD35: =MAX((1-X35-Z35-AB35),0) -> 0.0311 | AE35: =W35*X35+Y35*Z35+AA35*AB35+AC35*AD35 -> 23730.185 | AF35: =VLOOKUP($E35,武器奇术!$A:$R,3,FALSE)*(1+IF(VLOOKUP($E35,武器奇术!$A:$R,15,FALSE)="武器",$E$15,0)) -> 993.395 | AG35: =(AF35+AH35)/2 -> 993.395 | AH35: =VLOOKUP($E35,武器奇术!$A:$R,3,FALSE)*(1+IF(VLOOKUP($E35,武器奇术!$A:$R,15,FALSE)="武器",$E$15,0)) -> 993.395 | AI35: =IF(($D$5+VLOOKUP($E35,武器奇术!$A:$R,13,FALSE)+IF($I$3="√",10,0)-VLOOKUP($F$7,目标属性!$A:$R,5,FALSE))>0,($D$5+VLOOKUP($E35,武器奇术!$A:$R,13,FALSE)+IF($I$3="√",10,0)-VLOOKUP($F$7,目标属性!$A:$R,5,FALSE))/200,($D$5+VLOOKUP($E35,武器奇术!$A:$R,13,FALSE)+IF($I$3="√",10,0)-VLOOKUP($F$7,目标属性!$A:$R,5,FALSE))/100) -> 0.2925 | AJ35: =$E$5+IF($G$5="烟柳",IF(VLOOKUP($E35,武器奇术!$A:$T,20,FALSE)=1,0.1,0),0) -> 0.1 | AK35: 1 | AL35: =AF35*(1+AI35)*(1+AJ35)*AK35 -> 1412.3593 | AM35: =(1-IF(VLOOKUP($E35,武器奇术!$A:$R,18,FALSE)="叶龙",1,$N35))*(1-$M35) -> 0 | AN35: =AG35*(1+AI35)*(1+AJ35)*AK35*(1+$E$16+VLOOKUP($E35,武器奇术!$A:$R,8,FALSE)) -> 2830.3681 | AO35: =IF($L35+$M35<=100%,$N35*$L35,$N35*(1-$M35)) -> 0.8703 | AP35: =AH35*(1+AI35)*(1+AJ35)*AK35*(1+$E$17+VLOOKUP($E35,武器奇术!$A:$R,10,FALSE)) -> 1906.6851 | AQ35: =$M35 -> 0.0986 | AR35: =AG35*(1+AI35)*(1+AJ35)*AK35 -> 1412.3593 | AS35: =MAX((1-AM35-AO35-AQ35),0) -> 0.0311 | AT35: =AL35*AM35+AN35*AO35+AP35*AQ35+AR35*AS35 -> 2695.1929 | AU35: =$B$7*IF($G$5="撼天",1.05,1)+IF(AND(VLOOKUP($E35,武器奇术!$A:$R,15,FALSE)="武器",VLOOKUP($E35,武器奇术!$A:$R,17,FALSE)="鸣金"),$E$3*(1+$E$15),0) -> 0 | AV35: =(AU35+AW35)/2 -> 0 | AW35: =MAX($C$7*IF($G$5="撼天",1.05,1)+IF(AND(VLOOKUP($E35,武器奇术!$A:$R,15,FALSE)="武器",VLOOKUP($E35,武器奇术!$A:$R,17,FALSE)="鸣金"),$E$3*(1+$E$15),0),AU35) -> 0 | AX35: =IF(($D$7+IF(VLOOKUP($E35,武器奇术!$A:$R,17,FALSE)="鸣金",$D$15,0)-VLOOKUP($F$7,目标属性!$A:$R,6,FALSE))>0,($D$7+IF(VLOOKUP($E35,武器奇术!$A:$R,17,FALSE)="鸣金",$D$15,0)-VLOOKUP($F$7,目标属性!$A:$R,6,FALSE))/200,($D$7+IF(VLOOKUP($E35,武器奇术!$A:$R,17,FALSE)="鸣金",$D$15,0)-VLOOKUP($F$7,目标属性!$A:$R,6,FALSE))/100) -> -0.24 | AY35: =$E$7 -> 0 | AZ35: 1 | BA35: =AU35*IF(VLOOKUP($E35,武器奇术!$A:$R,17,FALSE)="鸣金",VLOOKUP($E35,武器奇术!$A:$R,4,FALSE),VLOOKUP($E35,武器奇术!$A:$R,2,FALSE))*(1+AX35)*(1+AY35)*AZ35 -> 0 | BB35: =(1-IF(VLOOKUP($E35,武器奇术!$A:$R,18,FALSE)="叶龙",1,$N35))*(1-$M35) -> 0 | BC35: =AV35*IF(VLOOKUP($E35,武器奇术!$A:$R,17,FALSE)="鸣金",VLOOKUP($E35,武器奇术!$A:$R,4,FALSE),VLOOKUP($E35,武器奇术!$A:$R,2,FALSE))*(1+AX35)*(1+AY35)*AZ35*(1+$E$16+VLOOKUP($E35,武器奇术!$A:$R,8,FALSE)) -> 0 | BD35: =IF($L35+$M35<=100%,$N35*$L35,$N35*(1-$M35)) -> 0.8703 | BE35: =AW35*IF(VLOOKUP($E35,武器奇术!$A:$R,17,FALSE)="鸣金",VLOOKUP($E35,武器奇术!$A:$R,4,FALSE),VLOOKUP($E35,武器奇术!$A:$R,2,FALSE))*(1+AX35)*(1+AY35)*AZ35*(1+$E$17+VLOOKUP($E35,武器奇术!$A:$R,10,FALSE)) -> 0 | BF35: =$M35 -> 0.0986 | BG35: =AV35*IF(VLOOKUP($E35,武器奇术!$A:$R,17,FALSE)="鸣金",VLOOKUP($E35,武器奇术!$A:$R,4,FALSE),VLOOKUP($E35,武器奇术!$A:$R,2,FALSE))*(1+AX35)*(1+AY35)*AZ35 -> 0 | BH35: =MAX((1-BB35-BD35-BF35),0) -> 0.0311 | BI35: =BA35*BB35+BC35*BD35+BE35*BF35+BG35*BH35 -> 0 | BJ35: =$B$9*IF($G$5="撼天",1.05,1)+IF(AND(VLOOKUP($E35,武器奇术!$A:$R,15,FALSE)="武器",VLOOKUP($E35,武器奇术!$A:$R,17,FALSE)="裂石"),$E$3*(1+$E$15),0) -> 0 | BK35: =(BJ35+BL35)/2 -> 0 | BL35: =MAX($C$9*IF($G$5="撼天",1.05,1)+IF(AND(VLOOKUP($E35,武器奇术!$A:$R,15,FALSE)="武器",VLOOKUP($E35,武器奇术!$A:$R,17,FALSE)="裂石"),$E$3*(1+$E$15),0),BJ35) -> 0 | BM35: =IF(($D$9+IF(VLOOKUP($E35,武器奇术!$A:$R,17,FALSE)="裂石",$D$15,0)-VLOOKUP($F$7,目标属性!$A:$R,6,FALSE))>0,($D$9+IF(VLOOKUP($E35,武器奇术!$A:$R,17,FALSE)="裂石",$D$15,0)-VLOOKUP($F$7,目标属性!$A:$R,6,FALSE))/200,($D$9+IF(VLOOKUP($E35,武器奇术!$A:$R,17,FALSE)="裂石",$D$15,0)-VLOOKUP($F$7,目标属性!$A:$R,6,FALSE))/100) -> -0.24 | BN35: =$E$9 -> 0 | BO35: 1 | BP35: =BJ35*IF(VLOOKUP($E35,武器奇术!$A:$R,17,FALSE)="裂石",VLOOKUP($E35,武器奇术!$A:$R,4,FALSE),VLOOKUP($E35,武器奇术!$A:$R,2,FALSE))*(1+BM35)*(1+BN35)*BO35 -> 0 | BQ35: =(1-IF(VLOOKUP($E35,武器奇术!$A:$R,18,FALSE)="叶龙",1,$N35))*(1-$M35) -> 0 | BR35: =BK35*IF(VLOOKUP($E35,武器奇术!$A:$R,17,FALSE)="裂石",VLOOKUP($E35,武器奇术!$A:$R,4,FALSE),VLOOKUP($E35,武器奇术!$A:$R,2,FALSE))*(1+BM35)*(1+BN35)*BO35*(1+$E$16+VLOOKUP($E35,武器奇术!$A:$R,8,FALSE)) -> 0 | BS35: =IF($L35+$M35<=100%,$N35*$L35,$N35*(1-$M35)) -> 0.8703 | BT35: =BL35*IF(VLOOKUP($E35,武器奇术!$A:$R,17,FALSE)="裂石",VLOOKUP($E35,武器奇术!$A:$R,4,FALSE),VLOOKUP($E35,武器奇术!$A:$R,2,FALSE))*(1+BM35)*(1+BN35)*BO35*(1+$E$17+VLOOKUP($E35,武器奇术!$A:$R,10,FALSE)) -> 0 | BU35: =$M35 -> 0.0986 | BV35: =BK35*IF(VLOOKUP($E35,武器奇术!$A:$R,17,FALSE)="裂石",VLOOKUP($E35,武器奇术!$A:$R,4,FALSE),VLOOKUP($E35,武器奇术!$A:$R,2,FALSE))*(1+BM35)*(1+BN35)*BO35 -> 0 | BW35: =MAX((1-BQ35-BS35-BU35),0) -> 0.0311 | BX35: =BP35*BQ35+BR35*BS35+BT35*BU35+BV35*BW35 -> 0 | BY35: =$B$11*IF($G$5="撼天",1.05,1)+IF(AND(VLOOKUP($E35,武器奇术!$A:$R,15,FALSE)="武器",VLOOKUP($E35,武器奇术!$A:$R,17,FALSE)="牵丝"),$E$3*(1+$E$15),0) -> 686.71 | BZ35: =IF(VLOOKUP($E35,武器奇术!$A:$Z,18,FALSE)="叶龙",(CA35-(BY35+CA35)*0.5)*($G$15-0.5)*2+(BY35+CA35)*0.5,(BY35+CA35)*0.5) -> 1052.21 | CA35: =MAX($C$11*IF($G$5="撼天",1.05,1)+IF(AND(VLOOKUP($E35,武器奇术!$A:$R,15,FALSE)="武器",VLOOKUP($E35,武器奇术!$A:$R,17,FALSE)="牵丝"),$E$3*(1+$E$15),0),BY35) -> 1417.71 | CB35: =IF(($D$11+IF(VLOOKUP($E35,武器奇术!$A:$R,17,FALSE)="牵丝",$D$15,0)-VLOOKUP($F$7,目标属性!$A:$R,6,FALSE))>0,($D$11+IF(VLOOKUP($E35,武器奇术!$A:$R,17,FALSE)="牵丝",$D$15,0)-VLOOKUP($F$7,目标属性!$A:$R,6,FALSE))/200,($D$11+IF(VLOOKUP($E35,武器奇术!$A:$R,17,FALSE)="牵丝",$D$15,0)-VLOOKUP($F$7,目标属性!$A:$R,6,FALSE))/100) -> 0.028 | CC35: =$E$11+IF($G$5="烟柳",IF(VLOOKUP($E35,武器奇术!$A:$T,20,FALSE)=1,0.1,0),0) -> 0.248 | CD35: 1 | CE35: =BY35*IF(VLOOKUP($E35,武器奇术!$A:$R,17,FALSE)="牵丝",VLOOKUP($E35,武器奇术!$A:$R,4,FALSE),VLOOKUP($E35,武器奇术!$A:$R,2,FALSE))*(1+CB35)*(1+CC35)*CD35 -> 3649.2071 | CF35: =(1-IF(VLOOKUP($E35,武器奇术!$A:$R,18,FALSE)="叶龙",1,$N35))*(1-$M35) -> 0 | CG35: =BZ35*IF(VLOOKUP($E35,武器奇术!$A:$R,17,FALSE)="牵丝",VLOOKUP($E35,武器奇术!$A:$R,4,FALSE),VLOOKUP($E35,武器奇术!$A:$R,2,FALSE))*(1+CB35)*(1+CC35)*CD35*(1+$E$16+VLOOKUP($E35,武器奇术!$A:$R,8,FALSE)) -> 11205.346 | CH35: =IF($L35+$M35<=100%,$N35*$L35,$N35*(1-$M35)) -> 0.8703 | CI35: =CA35*IF(VLOOKUP($E35,武器奇术!$A:$R,17,FALSE)="牵丝",VLOOKUP($E35,武器奇术!$A:$R,4,FALSE),VLOOKUP($E35,武器奇术!$A:$R,2,FALSE))*(1+CB35)*(1+CC35)*CD35*(1+$E$17+VLOOKUP($E35,武器奇术!$A:$R,10,FALSE)) -> 10170.594 | CJ35: =$M35 -> 0.0986 | CK35: =BZ35*IF(VLOOKUP($E35,武器奇术!$A:$R,17,FALSE)="牵丝",VLOOKUP($E35,武器奇术!$A:$R,4,FALSE),VLOOKUP($E35,武器奇术!$A:$R,2,FALSE))*(1+CB35)*(1+CC35)*CD35 -> 5591.4901 | CL35: =MAX((1-CF35-CH35-CJ35),0) -> 0.0311 | CM35: =CE35*CF35+CG35*CH35+CI35*CJ35+CK35*CL35 -> 10928.729 | CN35: =$B$13*IF($G$5="撼天",1.05,1)+IF(AND(VLOOKUP($E35,武器奇术!$A:$R,15,FALSE)="武器",VLOOKUP($E35,武器奇术!$A:$R,17,FALSE)="破竹"),$E$3*(1+$E$15),0) -> 0 | CO35: =(CN35+CP35)/2 -> 0 | CP35: =MAX($C$13*IF($G$5="撼天",1.05,1)+IF(AND(VLOOKUP($E35,武器奇术!$A:$R,15,FALSE)="武器",VLOOKUP($E35,武器奇术!$A:$R,17,FALSE)="破竹"),$E$3*(1+$E$15),0),CN35) -> 0 | CQ35: =IF(($D$13+IF(VLOOKUP($E35,武器奇术!$A:$R,17,FALSE)="破竹",$D$15,0)-VLOOKUP($F$7,目标属性!$A:$R,6,FALSE))>0,($D$13+IF(VLOOKUP($E35,武器奇术!$A:$R,17,FALSE)="破竹",$D$15,0)-VLOOKUP($F$7,目标属性!$A:$R,6,FALSE))/200,($D$13+IF(VLOOKUP($E35,武器奇术!$A:$R,17,FALSE)="破竹",$D$15,0)-VLOOKUP($F$7,目标属性!$A:$R,6,FALSE))/100) -> -0.24 | CR35: =$E$13 -> 0 | CS35: 1 | CT35: =CN35*IF(VLOOKUP($E35,武器奇术!$A:$R,17,FALSE)="破竹",VLOOKUP($E35,武器奇术!$A:$R,4,FALSE),VLOOKUP($E35,武器奇术!$A:$R,2,FALSE))*(1+CQ35)*(1+CR35)*CS35 -> 0 | CU35: =(1-IF(VLOOKUP($E35,武器奇术!$A:$R,18,FALSE)="叶龙",1,$N35))*(1-$M35) -> 0 | CV35: =CO35*IF(VLOOKUP($E35,武器奇术!$A:$R,17,FALSE)="破竹",VLOOKUP($E35,武器奇术!$A:$R,4,FALSE),VLOOKUP($E35,武器奇术!$A:$R,2,FALSE))*(1+CQ35)*(1+CR35)*CS35*(1+$E$16+VLOOKUP($E35,武器奇术!$A:$R,8,FALSE)) -> 0 | CW35: =IF($L35+$M35<=100%,$N35*$L35,$N35*(1-$M35)) -> 0.8703 | CX35: =CP35*IF(VLOOKUP($E35,武器奇术!$A:$R,17,FALSE)="破竹",VLOOKUP($E35,武器奇术!$A:$R,4,FALSE),VLOOKUP($E35,武器奇术!$A:$R,2,FALSE))*(1+CQ35)*(1+CR35)*CS35*(1+$E$17+VLOOKUP($E35,武器奇术!$A:$R,10,FALSE)) -> 0 | CY35: =$M35 -> 0.0986 | CZ35: =CO35*IF(VLOOKUP($E35,武器奇术!$A:$R,17,FALSE)="破竹",VLOOKUP($E35,武器奇术!$A:$R,4,FALSE),VLOOKUP($E35,武器奇术!$A:$R,2,FALSE))*(1+CQ35)*(1+CR35)*CS35 -> 0 | DA35: =MAX((1-CU35-CW35-CY35),0) -> 0.0311 | DB35: =CT35*CU35+CV35*CW35+CX35*CY35+CZ35*DA35 -> 0 | DC35: =$B$15*IF($G$5="撼天",1.05,1) -> 66 | DD35: =(DC35+DE35)/2 -> 125.8 | DE35: =$C$15*IF($G$5="撼天",1.05,1) -> 185.6 | DF35: =IF((IF(VLOOKUP($E35,武器奇术!$A:$R,17,FALSE)="鸣金",$D$7,0)+IF(VLOOKUP($E35,武器奇术!$A:$R,17,FALSE)="裂石",$D$9,0)+IF(VLOOKUP($E35,武器奇术!$A:$R,17,FALSE)="牵丝",$D$11,0)+IF(VLOOKUP($E35,武器奇术!$A:$R,17,FALSE)="破竹",$D$13,0)+$D$15-VLOOKUP($F$7,目标属性!$A:$R,6,FALSE))>0,(IF(VLOOKUP($E35,武器奇术!$A:$R,17,FALSE)="鸣金",$D$7,0)+IF(VLOOKUP($E35,武器奇术!$A:$R,17,FALSE)="裂石",$D$9,0)+IF(VLOOKUP($E35,武器奇术!$A:$R,17,FALSE)="牵丝",$D$11,0)+IF(VLOOKUP($E35,武器奇术!$A:$R,17,FALSE)="破竹",$D$13,0)+$D$15-VLOOKUP($F$7,目标属性!$A:$R,6,FALSE))/200,(IF(VLOOKUP($E35,武器奇术!$A:$R,17,FALSE)="鸣金",$D$7,0)+IF(VLOOKUP($E35,武器奇术!$A:$R,17,FALSE)="裂石",$D$9,0)+IF(VLOOKUP($E35,武器奇术!$A:$R,17,FALSE)="牵丝",$D$11,0)+IF(VLOOKUP($E35,武器奇术!$A:$R,17,FALSE)="破竹",$D$13,0)+$D$15-VLOOKUP($F$7,目标属性!$A:$R,6,FALSE))/100) -> 0.028 | DG35: =$E$11+IF($G$5="烟柳",IF(VLOOKUP($E35,武器奇术!$A:$T,20,FALSE)=1,0.1,0),0) -> 0.248 | DH35: 1 | DI35: =DC35*IF(VLOOKUP($E35,武器奇术!$A:$R,17,FALSE)="牵丝",VLOOKUP($E35,武器奇术!$A:$R,4,FALSE),VLOOKUP($E35,武器奇术!$A:$R,2,FALSE))*(1+DF35)*(1+DG35)*DH35 -> 350.72689 | DJ35: =(1-IF(VLOOKUP($E35,武器奇术!$A:$R,18,FALSE)="叶龙",1,$N35))*(1-$M35) -> 0 | DK35: =DD35*IF(VLOOKUP($E35,武器奇术!$A:$R,17,FALSE)="牵丝",VLOOKUP($E35,武器奇术!$A:$R,4,FALSE),VLOOKUP($E35,武器奇术!$A:$R,2,FALSE))*(1+DF35)*(1+DG35)*DH35*(1+$E$16+VLOOKUP($E35,武器奇术!$A:$R,8,FALSE)) -> 1339.6875 | DL35: =IF($L35+$M35<=100%,$N35*$L35,$N35*(1-$M35)) -> 0.8703 | DM35: =DE35*IF(VLOOKUP($E35,武器奇术!$A:$R,17,FALSE)="牵丝",VLOOKUP($E35,武器奇术!$A:$R,4,FALSE),VLOOKUP($E35,武器奇术!$A:$R,2,FALSE))*(1+DF35)*(1+DG35)*DH35*(1+$E$17+VLOOKUP($E35,武器奇术!$A:$R,10,FALSE)) -> 1331.4868 | DN35: =$M35 -> 0.0986 | DO35: =DD35*IF(VLOOKUP($E35,武器奇术!$A:$R,17,FALSE)="牵丝",VLOOKUP($E35,武器奇术!$A:$R,4,FALSE),VLOOKUP($E35,武器奇术!$A:$R,2,FALSE))*(1+DF35)*(1+DG35)*DH35 -> 668.50672 | DP35: =MAX((1-DJ35-DL35-DN35),0) -> 0.0311 | DQ35: =DI35*DJ35+DK35*DL35+DM35*DN35+DO35*DP35 -> 1318.0052
E36: 伞～(连中小纵无滞骨) | F36: 0.5 | G36: =$E$23 -> 0.32 | H36: =IF(VLOOKUP($E36,武器奇术!$A:$R,18,FALSE)="天工",AE36,(AE36+AT36+BI36+BX36+CM36+DB36+DQ36))*(1+J36)*F36*K36*(1+G36) -> 18708.512 | I36: =H36/$C$30 -> 0.0021561552 | J36: =$F$3+VLOOKUP($E36,武器奇术!$A:$R,12,FALSE)+VLOOKUP($E36,武器奇术!$A:$R,14,FALSE)*$G$3+$P36+IF($F$21="√",5%,0) -> 0.723 | K36: =VLOOKUP($E36,武器奇术!$A:$R,11,FALSE) -> 1 | L36: =IF(VLOOKUP($E36,武器奇术!$A:$R,15,FALSE)="天工",0%,IF($C$17+VLOOKUP($E36,武器奇术!$A:$R,7,FALSE)>80%,80%,$C$17+VLOOKUP($E36,武器奇术!$A:$R,7,FALSE))+IF($C$19>20%,20%,$C$19)) -> 0.8703 | M36: =IF(VLOOKUP($E36,武器奇术!$A:$R,15,FALSE)="天工",0%,IF($C$18+VLOOKUP($E36,武器奇术!$A:$R,9,FALSE)>40%,40%,$C$18+VLOOKUP($E36,武器奇术!$A:$R,9,FALSE))+IF($C$20>10%,10%,$C$20)) -> 0.0986 | N36: =IF(VLOOKUP($E36,武器奇术!$A:$R,15,FALSE)="天工",100%,MIN($C$16,1)) -> 1 | O36: =VLOOKUP($E36,武器奇术!$A:$R,16,FALSE) -> 伞 | P36: =VLOOKUP($O36,$B$22:$C$27,2,FALSE)+IF(OR($O36="伞",$O36="扇"),$C$24,0) -> 0.17 | Q36: =$B$5*(1+VLOOKUP($E36,武器奇术!$A:$R,5,FALSE))*(1+VLOOKUP($E36,武器奇术!$A:$S,19,FALSE)+IF($G$5="飞隼",0.1,0)+IF($G$5="撼天",0.05,0))-$F$9+IF($J$5="√",160,0) -> 3081.85 | R36: =IF(VLOOKUP($E36,武器奇术!$A:$Z,18,FALSE)="叶龙",(S36-(Q36+S36)*0.5)*($G$15-0.5)*2+(Q36+S36)*0.5,(Q36+S36)*0.5) -> 3161.85 | S36: =MAX($C$5,$B$5)*(1+VLOOKUP($E36,武器奇术!$A:$R,6,FALSE))*(1+VLOOKUP($E36,武器奇术!$A:$S,19,FALSE)+IF($G$5="飞隼",0.1,0)+IF($G$5="撼天",0.05,0))-$F$9+IF($J$5="√",320,0) -> 3241.85 | T36: =IF(($D$5+VLOOKUP($E36,武器奇术!$A:$R,13,FALSE)+IF($I$3="√",10,0)-VLOOKUP($F$7,目标属性!$A:$R,5,FALSE))>0,($D$5+VLOOKUP($E36,武器奇术!$A:$R,13,FALSE)+IF($I$3="√",10,0)-VLOOKUP($F$7,目标属性!$A:$R,5,FALSE))/200,($D$5+VLOOKUP($E36,武器奇术!$A:$R,13,FALSE)+IF($I$3="√",10,0)-VLOOKUP($F$7,目标属性!$A:$R,5,FALSE))/100) -> 0.2925 | U36: =$E$5+IF($G$5="烟柳",IF(VLOOKUP($E36,武器奇术!$A:$T,20,FALSE)=1,0.1,0),0) -> 0.1 | V36: 1 | W36: =Q36*VLOOKUP($E36,武器奇术!$A:$R,2,FALSE)*(1+T36)*(1+U36)*V36 -> 5148.2066 | X36: =(1-IF(VLOOKUP($E36,武器奇术!$A:$R,18,FALSE)="叶龙",1,$N36))*(1-$M36) -> 0 | Y36: =R36*VLOOKUP($E36,武器奇术!$A:$R,2,FALSE)*(1+T36)*(1+U36)*V36*(1+$E$16+VLOOKUP($E36,武器奇术!$A:$R,8,FALSE)) -> 10584.819 | Z36: =IF($L36+$M36<=100%,$N36*$L36,$N36*(1-$M36)) -> 0.8703 | AA36: =S36*VLOOKUP($E36,武器奇术!$A:$R,2,FALSE)*(1+T36)*(1+U36)*V36*(1+$E$17+VLOOKUP($E36,武器奇术!$A:$R,10,FALSE)) -> 7310.9052 | AB36: =$M36 -> 0.0986 | AC36: =R36*VLOOKUP($E36,武器奇术!$A:$R,2,FALSE)*(1+T36)*(1+U36)*V36 -> 5281.846 | AD36: =MAX((1-X36-Z36-AB36),0) -> 0.0311 | AE36: =W36*X36+Y36*Z36+AA36*AB36+AC36*AD36 -> 10097.089 | AF36: =VLOOKUP($E36,武器奇术!$A:$R,3,FALSE)*(1+IF(VLOOKUP($E36,武器奇术!$A:$R,15,FALSE)="武器",$E$15,0)) -> 421.59 | AG36: =(AF36+AH36)/2 -> 421.59 | AH36: =VLOOKUP($E36,武器奇术!$A:$R,3,FALSE)*(1+IF(VLOOKUP($E36,武器奇术!$A:$R,15,FALSE)="武器",$E$15,0)) -> 421.59 | AI36: =IF(($D$5+VLOOKUP($E36,武器奇术!$A:$R,13,FALSE)+IF($I$3="√",10,0)-VLOOKUP($F$7,目标属性!$A:$R,5,FALSE))>0,($D$5+VLOOKUP($E36,武器奇术!$A:$R,13,FALSE)+IF($I$3="√",10,0)-VLOOKUP($F$7,目标属性!$A:$R,5,FALSE))/200,($D$5+VLOOKUP($E36,武器奇术!$A:$R,13,FALSE)+IF($I$3="√",10,0)-VLOOKUP($F$7,目标属性!$A:$R,5,FALSE))/100) -> 0.2925 | AJ36: =$E$5+IF($G$5="烟柳",IF(VLOOKUP($E36,武器奇术!$A:$T,20,FALSE)=1,0.1,0),0) -> 0.1 | AK36: 1 | AL36: =AF36*(1+AI36)*(1+AJ36)*AK36 -> 599.39558 | AM36: =(1-IF(VLOOKUP($E36,武器奇术!$A:$R,18,FALSE)="叶龙",1,$N36))*(1-$M36) -> 0 | AN36: =AG36*(1+AI36)*(1+AJ36)*AK36*(1+$E$16+VLOOKUP($E36,武器奇术!$A:$R,8,FALSE)) -> 1201.1887 | AO36: =IF($L36+$M36<=100%,$N36*$L36,$N36*(1-$M36)) -> 0.8703 | AP36: =AH36*(1+AI36)*(1+AJ36)*AK36*(1+$E$17+VLOOKUP($E36,武器奇术!$A:$R,10,FALSE)) -> 809.18404 | AQ36: =$M36 -> 0.0986 | AR36: =AG36*(1+AI36)*(1+AJ36)*AK36 -> 599.39558 | AS36: =MAX((1-AM36-AO36-AQ36),0) -> 0.0311 | AT36: =AL36*AM36+AN36*AO36+AP36*AQ36+AR36*AS36 -> 1143.8213 | AU36: =$B$7*IF($G$5="撼天",1.05,1)+IF(AND(VLOOKUP($E36,武器奇术!$A:$R,15,FALSE)="武器",VLOOKUP($E36,武器奇术!$A:$R,17,FALSE)="鸣金"),$E$3*(1+$E$15),0) -> 0 | AV36: =(AU36+AW36)/2 -> 0 | AW36: =MAX($C$7*IF($G$5="撼天",1.05,1)+IF(AND(VLOOKUP($E36,武器奇术!$A:$R,15,FALSE)="武器",VLOOKUP($E36,武器奇术!$A:$R,17,FALSE)="鸣金"),$E$3*(1+$E$15),0),AU36) -> 0 | AX36: =IF(($D$7+IF(VLOOKUP($E36,武器奇术!$A:$R,17,FALSE)="鸣金",$D$15,0)-VLOOKUP($F$7,目标属性!$A:$R,6,FALSE))>0,($D$7+IF(VLOOKUP($E36,武器奇术!$A:$R,17,FALSE)="鸣金",$D$15,0)-VLOOKUP($F$7,目标属性!$A:$R,6,FALSE))/200,($D$7+IF(VLOOKUP($E36,武器奇术!$A:$R,17,FALSE)="鸣金",$D$15,0)-VLOOKUP($F$7,目标属性!$A:$R,6,FALSE))/100) -> -0.24 | AY36: =$E$7 -> 0 | AZ36: 1 | BA36: =AU36*IF(VLOOKUP($E36,武器奇术!$A:$R,17,FALSE)="鸣金",VLOOKUP($E36,武器奇术!$A:$R,4,FALSE),VLOOKUP($E36,武器奇术!$A:$R,2,FALSE))*(1+AX36)*(1+AY36)*AZ36 -> 0 | BB36: =(1-IF(VLOOKUP($E36,武器奇术!$A:$R,18,FALSE)="叶龙",1,$N36))*(1-$M36) -> 0 | BC36: =AV36*IF(VLOOKUP($E36,武器奇术!$A:$R,17,FALSE)="鸣金",VLOOKUP($E36,武器奇术!$A:$R,4,FALSE),VLOOKUP($E36,武器奇术!$A:$R,2,FALSE))*(1+AX36)*(1+AY36)*AZ36*(1+$E$16+VLOOKUP($E36,武器奇术!$A:$R,8,FALSE)) -> 0 | BD36: =IF($L36+$M36<=100%,$N36*$L36,$N36*(1-$M36)) -> 0.8703 | BE36: =AW36*IF(VLOOKUP($E36,武器奇术!$A:$R,17,FALSE)="鸣金",VLOOKUP($E36,武器奇术!$A:$R,4,FALSE),VLOOKUP($E36,武器奇术!$A:$R,2,FALSE))*(1+AX36)*(1+AY36)*AZ36*(1+$E$17+VLOOKUP($E36,武器奇术!$A:$R,10,FALSE)) -> 0 | BF36: =$M36 -> 0.0986 | BG36: =AV36*IF(VLOOKUP($E36,武器奇术!$A:$R,17,FALSE)="鸣金",VLOOKUP($E36,武器奇术!$A:$R,4,FALSE),VLOOKUP($E36,武器奇术!$A:$R,2,FALSE))*(1+AX36)*(1+AY36)*AZ36 -> 0 | BH36: =MAX((1-BB36-BD36-BF36),0) -> 0.0311 | BI36: =BA36*BB36+BC36*BD36+BE36*BF36+BG36*BH36 -> 0 | BJ36: =$B$9*IF($G$5="撼天",1.05,1)+IF(AND(VLOOKUP($E36,武器奇术!$A:$R,15,FALSE)="武器",VLOOKUP($E36,武器奇术!$A:$R,17,FALSE)="裂石"),$E$3*(1+$E$15),0) -> 0 | BK36: =(BJ36+BL36)/2 -> 0 | BL36: =MAX($C$9*IF($G$5="撼天",1.05,1)+IF(AND(VLOOKUP($E36,武器奇术!$A:$R,15,FALSE)="武器",VLOOKUP($E36,武器奇术!$A:$R,17,FALSE)="裂石"),$E$3*(1+$E$15),0),BJ36) -> 0 | BM36: =IF(($D$9+IF(VLOOKUP($E36,武器奇术!$A:$R,17,FALSE)="裂石",$D$15,0)-VLOOKUP($F$7,目标属性!$A:$R,6,FALSE))>0,($D$9+IF(VLOOKUP($E36,武器奇术!$A:$R,17,FALSE)="裂石",$D$15,0)-VLOOKUP($F$7,目标属性!$A:$R,6,FALSE))/200,($D$9+IF(VLOOKUP($E36,武器奇术!$A:$R,17,FALSE)="裂石",$D$15,0)-VLOOKUP($F$7,目标属性!$A:$R,6,FALSE))/100) -> -0.24 | BN36: =$E$9 -> 0 | BO36: 1 | BP36: =BJ36*IF(VLOOKUP($E36,武器奇术!$A:$R,17,FALSE)="裂石",VLOOKUP($E36,武器奇术!$A:$R,4,FALSE),VLOOKUP($E36,武器奇术!$A:$R,2,FALSE))*(1+BM36)*(1+BN36)*BO36 -> 0 | BQ36: =(1-IF(VLOOKUP($E36,武器奇术!$A:$R,18,FALSE)="叶龙",1,$N36))*(1-$M36) -> 0 | BR36: =BK36*IF(VLOOKUP($E36,武器奇术!$A:$R,17,FALSE)="裂石",VLOOKUP($E36,武器奇术!$A:$R,4,FALSE),VLOOKUP($E36,武器奇术!$A:$R,2,FALSE))*(1+BM36)*(1+BN36)*BO36*(1+$E$16+VLOOKUP($E36,武器奇术!$A:$R,8,FALSE)) -> 0 | BS36: =IF($L36+$M36<=100%,$N36*$L36,$N36*(1-$M36)) -> 0.8703 | BT36: =BL36*IF(VLOOKUP($E36,武器奇术!$A:$R,17,FALSE)="裂石",VLOOKUP($E36,武器奇术!$A:$R,4,FALSE),VLOOKUP($E36,武器奇术!$A:$R,2,FALSE))*(1+BM36)*(1+BN36)*BO36*(1+$E$17+VLOOKUP($E36,武器奇术!$A:$R,10,FALSE)) -> 0 | BU36: =$M36 -> 0.0986 | BV36: =BK36*IF(VLOOKUP($E36,武器奇术!$A:$R,17,FALSE)="裂石",VLOOKUP($E36,武器奇术!$A:$R,4,FALSE),VLOOKUP($E36,武器奇术!$A:$R,2,FALSE))*(1+BM36)*(1+BN36)*BO36 -> 0 | BW36: =MAX((1-BQ36-BS36-BU36),0) -> 0.0311 | BX36: =BP36*BQ36+BR36*BS36+BT36*BU36+BV36*BW36 -> 0 | BY36: =$B$11*IF($G$5="撼天",1.05,1)+IF(AND(VLOOKUP($E36,武器奇术!$A:$R,15,FALSE)="武器",VLOOKUP($E36,武器奇术!$A:$R,17,FALSE)="牵丝"),$E$3*(1+$E$15),0) -> 686.71 | BZ36: =IF(VLOOKUP($E36,武器奇术!$A:$Z,18,FALSE)="叶龙",(CA36-(BY36+CA36)*0.5)*($G$15-0.5)*2+(BY36+CA36)*0.5,(BY36+CA36)*0.5) -> 1052.21 | CA36: =MAX($C$11*IF($G$5="撼天",1.05,1)+IF(AND(VLOOKUP($E36,武器奇术!$A:$R,15,FALSE)="武器",VLOOKUP($E36,武器奇术!$A:$R,17,FALSE)="牵丝"),$E$3*(1+$E$15),0),BY36) -> 1417.71 | CB36: =IF(($D$11+IF(VLOOKUP($E36,武器奇术!$A:$R,17,FALSE)="牵丝",$D$15,0)-VLOOKUP($F$7,目标属性!$A:$R,6,FALSE))>0,($D$11+IF(VLOOKUP($E36,武器奇术!$A:$R,17,FALSE)="牵丝",$D$15,0)-VLOOKUP($F$7,目标属性!$A:$R,6,FALSE))/200,($D$11+IF(VLOOKUP($E36,武器奇术!$A:$R,17,FALSE)="牵丝",$D$15,0)-VLOOKUP($F$7,目标属性!$A:$R,6,FALSE))/100) -> 0.028 | CC36: =$E$11+IF($G$5="烟柳",IF(VLOOKUP($E36,武器奇术!$A:$T,20,FALSE)=1,0.1,0),0) -> 0.248 | CD36: 1 | CE36: =BY36*IF(VLOOKUP($E36,武器奇术!$A:$R,17,FALSE)="牵丝",VLOOKUP($E36,武器奇术!$A:$R,4,FALSE),VLOOKUP($E36,武器奇术!$A:$R,2,FALSE))*(1+CB36)*(1+CC36)*CD36 -> 1552.6708 | CF36: =(1-IF(VLOOKUP($E36,武器奇术!$A:$R,18,FALSE)="叶龙",1,$N36))*(1-$M36) -> 0 | CG36: =BZ36*IF(VLOOKUP($E36,武器奇术!$A:$R,17,FALSE)="牵丝",VLOOKUP($E36,武器奇术!$A:$R,4,FALSE),VLOOKUP($E36,武器奇术!$A:$R,2,FALSE))*(1+CB36)*(1+CC36)*CD36*(1+$E$16+VLOOKUP($E36,武器奇术!$A:$R,8,FALSE)) -> 4767.6698 | CH36: =IF($L36+$M36<=100%,$N36*$L36,$N36*(1-$M36)) -> 0.8703 | CI36: =CA36*IF(VLOOKUP($E36,武器奇术!$A:$R,17,FALSE)="牵丝",VLOOKUP($E36,武器奇术!$A:$R,4,FALSE),VLOOKUP($E36,武器奇术!$A:$R,2,FALSE))*(1+CB36)*(1+CC36)*CD36*(1+$E$17+VLOOKUP($E36,武器奇术!$A:$R,10,FALSE)) -> 4327.4015 | CJ36: =$M36 -> 0.0986 | CK36: =BZ36*IF(VLOOKUP($E36,武器奇术!$A:$R,17,FALSE)="牵丝",VLOOKUP($E36,武器奇术!$A:$R,4,FALSE),VLOOKUP($E36,武器奇术!$A:$R,2,FALSE))*(1+CB36)*(1+CC36)*CD36 -> 2379.0767 | CL36: =MAX((1-CF36-CH36-CJ36),0) -> 0.0311 | CM36: =CE36*CF36+CG36*CH36+CI36*CJ36+CK36*CL36 -> 4649.9741 | CN36: =$B$13*IF($G$5="撼天",1.05,1)+IF(AND(VLOOKUP($E36,武器奇术!$A:$R,15,FALSE)="武器",VLOOKUP($E36,武器奇术!$A:$R,17,FALSE)="破竹"),$E$3*(1+$E$15),0) -> 0 | CO36: =(CN36+CP36)/2 -> 0 | CP36: =MAX($C$13*IF($G$5="撼天",1.05,1)+IF(AND(VLOOKUP($E36,武器奇术!$A:$R,15,FALSE)="武器",VLOOKUP($E36,武器奇术!$A:$R,17,FALSE)="破竹"),$E$3*(1+$E$15),0),CN36) -> 0 | CQ36: =IF(($D$13+IF(VLOOKUP($E36,武器奇术!$A:$R,17,FALSE)="破竹",$D$15,0)-VLOOKUP($F$7,目标属性!$A:$R,6,FALSE))>0,($D$13+IF(VLOOKUP($E36,武器奇术!$A:$R,17,FALSE)="破竹",$D$15,0)-VLOOKUP($F$7,目标属性!$A:$R,6,FALSE))/200,($D$13+IF(VLOOKUP($E36,武器奇术!$A:$R,17,FALSE)="破竹",$D$15,0)-VLOOKUP($F$7,目标属性!$A:$R,6,FALSE))/100) -> -0.24 | CR36: =$E$13 -> 0 | CS36: 1 | CT36: =CN36*IF(VLOOKUP($E36,武器奇术!$A:$R,17,FALSE)="破竹",VLOOKUP($E36,武器奇术!$A:$R,4,FALSE),VLOOKUP($E36,武器奇术!$A:$R,2,FALSE))*(1+CQ36)*(1+CR36)*CS36 -> 0 | CU36: =(1-IF(VLOOKUP($E36,武器奇术!$A:$R,18,FALSE)="叶龙",1,$N36))*(1-$M36) -> 0 | CV36: =CO36*IF(VLOOKUP($E36,武器奇术!$A:$R,17,FALSE)="破竹",VLOOKUP($E36,武器奇术!$A:$R,4,FALSE),VLOOKUP($E36,武器奇术!$A:$R,2,FALSE))*(1+CQ36)*(1+CR36)*CS36*(1+$E$16+VLOOKUP($E36,武器奇术!$A:$R,8,FALSE)) -> 0 | CW36: =IF($L36+$M36<=100%,$N36*$L36,$N36*(1-$M36)) -> 0.8703 | CX36: =CP36*IF(VLOOKUP($E36,武器奇术!$A:$R,17,FALSE)="破竹",VLOOKUP($E36,武器奇术!$A:$R,4,FALSE),VLOOKUP($E36,武器奇术!$A:$R,2,FALSE))*(1+CQ36)*(1+CR36)*CS36*(1+$E$17+VLOOKUP($E36,武器奇术!$A:$R,10,FALSE)) -> 0 | CY36: =$M36 -> 0.0986 | CZ36: =CO36*IF(VLOOKUP($E36,武器奇术!$A:$R,17,FALSE)="破竹",VLOOKUP($E36,武器奇术!$A:$R,4,FALSE),VLOOKUP($E36,武器奇术!$A:$R,2,FALSE))*(1+CQ36)*(1+CR36)*CS36 -> 0 | DA36: =MAX((1-CU36-CW36-CY36),0) -> 0.0311 | DB36: =CT36*CU36+CV36*CW36+CX36*CY36+CZ36*DA36 -> 0 | DC36: =$B$15*IF($G$5="撼天",1.05,1) -> 66 | DD36: =(DC36+DE36)/2 -> 125.8 | DE36: =$C$15*IF($G$5="撼天",1.05,1) -> 185.6 | DF36: =IF((IF(VLOOKUP($E36,武器奇术!$A:$R,17,FALSE)="鸣金",$D$7,0)+IF(VLOOKUP($E36,武器奇术!$A:$R,17,FALSE)="裂石",$D$9,0)+IF(VLOOKUP($E36,武器奇术!$A:$R,17,FALSE)="牵丝",$D$11,0)+IF(VLOOKUP($E36,武器奇术!$A:$R,17,FALSE)="破竹",$D$13,0)+$D$15-VLOOKUP($F$7,目标属性!$A:$R,6,FALSE))>0,(IF(VLOOKUP($E36,武器奇术!$A:$R,17,FALSE)="鸣金",$D$7,0)+IF(VLOOKUP($E36,武器奇术!$A:$R,17,FALSE)="裂石",$D$9,0)+IF(VLOOKUP($E36,武器奇术!$A:$R,17,FALSE)="牵丝",$D$11,0)+IF(VLOOKUP($E36,武器奇术!$A:$R,17,FALSE)="破竹",$D$13,0)+$D$15-VLOOKUP($F$7,目标属性!$A:$R,6,FALSE))/200,(IF(VLOOKUP($E36,武器奇术!$A:$R,17,FALSE)="鸣金",$D$7,0)+IF(VLOOKUP($E36,武器奇术!$A:$R,17,FALSE)="裂石",$D$9,0)+IF(VLOOKUP($E36,武器奇术!$A:$R,17,FALSE)="牵丝",$D$11,0)+IF(VLOOKUP($E36,武器奇术!$A:$R,17,FALSE)="破竹",$D$13,0)+$D$15-VLOOKUP($F$7,目标属性!$A:$R,6,FALSE))/100) -> 0.028 | DG36: =$E$11+IF($G$5="烟柳",IF(VLOOKUP($E36,武器奇术!$A:$T,20,FALSE)=1,0.1,0),0) -> 0.248 | DH36: 1 | DI36: =DC36*IF(VLOOKUP($E36,武器奇术!$A:$R,17,FALSE)="牵丝",VLOOKUP($E36,武器奇术!$A:$R,4,FALSE),VLOOKUP($E36,武器奇术!$A:$R,2,FALSE))*(1+DF36)*(1+DG36)*DH36 -> 149.22788 | DJ36: =(1-IF(VLOOKUP($E36,武器奇术!$A:$R,18,FALSE)="叶龙",1,$N36))*(1-$M36) -> 0 | DK36: =DD36*IF(VLOOKUP($E36,武器奇术!$A:$R,17,FALSE)="牵丝",VLOOKUP($E36,武器奇术!$A:$R,4,FALSE),VLOOKUP($E36,武器奇术!$A:$R,2,FALSE))*(1+DF36)*(1+DG36)*DH36*(1+$E$16+VLOOKUP($E36,武器奇术!$A:$R,8,FALSE)) -> 570.0125 | DL36: =IF($L36+$M36<=100%,$N36*$L36,$N36*(1-$M36)) -> 0.8703 | DM36: =DE36*IF(VLOOKUP($E36,武器奇术!$A:$R,17,FALSE)="牵丝",VLOOKUP($E36,武器奇术!$A:$R,4,FALSE),VLOOKUP($E36,武器奇术!$A:$R,2,FALSE))*(1+DF36)*(1+DG36)*DH36*(1+$E$17+VLOOKUP($E36,武器奇术!$A:$R,10,FALSE)) -> 566.52328 | DN36: =$M36 -> 0.0986 | DO36: =DD36*IF(VLOOKUP($E36,武器奇术!$A:$R,17,FALSE)="牵丝",VLOOKUP($E36,武器奇术!$A:$R,4,FALSE),VLOOKUP($E36,武器奇术!$A:$R,2,FALSE))*(1+DF36)*(1+DG36)*DH36 -> 284.43738 | DP36: =MAX((1-DJ36-DL36-DN36),0) -> 0.0311 | DQ36: =DI36*DJ36+DK36*DL36+DM36*DN36+DO36*DP36 -> 560.78708
E37: 伞～(连中小纵) | F37: 1 | G37: =$E$23 -> 0.32 | H37: =IF(VLOOKUP($E37,武器奇术!$A:$R,18,FALSE)="天工",AE37,(AE37+AT37+BI37+BX37+CM37+DB37+DQ37))*(1+J37)*F37*K37*(1+G37) -> 38068.51 | I37: =H37/$C$30 -> 0.0043873941 | J37: =$F$3+VLOOKUP($E37,武器奇术!$A:$R,12,FALSE)+VLOOKUP($E37,武器奇术!$A:$R,14,FALSE)*$G$3+$P37+IF($F$21="√",5%,0) -> 0.753 | K37: =VLOOKUP($E37,武器奇术!$A:$R,11,FALSE) -> 1 | L37: =IF(VLOOKUP($E37,武器奇术!$A:$R,15,FALSE)="天工",0%,IF($C$17+VLOOKUP($E37,武器奇术!$A:$R,7,FALSE)>80%,80%,$C$17+VLOOKUP($E37,武器奇术!$A:$R,7,FALSE))+IF($C$19>20%,20%,$C$19)) -> 0.8703 | M37: =IF(VLOOKUP($E37,武器奇术!$A:$R,15,FALSE)="天工",0%,IF($C$18+VLOOKUP($E37,武器奇术!$A:$R,9,FALSE)>40%,40%,$C$18+VLOOKUP($E37,武器奇术!$A:$R,9,FALSE))+IF($C$20>10%,10%,$C$20)) -> 0.0986 | N37: =IF(VLOOKUP($E37,武器奇术!$A:$R,15,FALSE)="天工",100%,MIN($C$16,1)) -> 1 | O37: =VLOOKUP($E37,武器奇术!$A:$R,16,FALSE) -> 伞 | P37: =VLOOKUP($O37,$B$22:$C$27,2,FALSE)+IF(OR($O37="伞",$O37="扇"),$C$24,0) -> 0.17 | Q37: =$B$5*(1+VLOOKUP($E37,武器奇术!$A:$R,5,FALSE))*(1+VLOOKUP($E37,武器奇术!$A:$S,19,FALSE)+IF($G$5="飞隼",0.1,0)+IF($G$5="撼天",0.05,0))-$F$9+IF($J$5="√",160,0) -> 3081.85 | R37: =IF(VLOOKUP($E37,武器奇术!$A:$Z,18,FALSE)="叶龙",(S37-(Q37+S37)*0.5)*($G$15-0.5)*2+(Q37+S37)*0.5,(Q37+S37)*0.5) -> 3161.85 | S37: =MAX($C$5,$B$5)*(1+VLOOKUP($E37,武器奇术!$A:$R,6,FALSE))*(1+VLOOKUP($E37,武器奇术!$A:$S,19,FALSE)+IF($G$5="飞隼",0.1,0)+IF($G$5="撼天",0.05,0))-$F$9+IF($J$5="√",320,0) -> 3241.85 | T37: =IF(($D$5+VLOOKUP($E37,武器奇术!$A:$R,13,FALSE)+IF($I$3="√",10,0)-VLOOKUP($F$7,目标属性!$A:$R,5,FALSE))>0,($D$5+VLOOKUP($E37,武器奇术!$A:$R,13,FALSE)+IF($I$3="√",10,0)-VLOOKUP($F$7,目标属性!$A:$R,5,FALSE))/200,($D$5+VLOOKUP($E37,武器奇术!$A:$R,13,FALSE)+IF($I$3="√",10,0)-VLOOKUP($F$7,目标属性!$A:$R,5,FALSE))/100) -> 0.2925 | U37: =$E$5+IF($G$5="烟柳",IF(VLOOKUP($E37,武器奇术!$A:$T,20,FALSE)=1,0.1,0),0) -> 0.1 | V37: 1 | W37: =Q37*VLOOKUP($E37,武器奇术!$A:$R,2,FALSE)*(1+T37)*(1+U37)*V37 -> 5148.2066 | X37: =(1-IF(VLOOKUP($E37,武器奇术!$A:$R,18,FALSE)="叶龙",1,$N37))*(1-$M37) -> 0 | Y37: =R37*VLOOKUP($E37,武器奇术!$A:$R,2,FALSE)*(1+T37)*(1+U37)*V37*(1+$E$16+VLOOKUP($E37,武器奇术!$A:$R,8,FALSE)) -> 10584.819 | Z37: =IF($L37+$M37<=100%,$N37*$L37,$N37*(1-$M37)) -> 0.8703 | AA37: =S37*VLOOKUP($E37,武器奇术!$A:$R,2,FALSE)*(1+T37)*(1+U37)*V37*(1+$E$17+VLOOKUP($E37,武器奇术!$A:$R,10,FALSE)) -> 7310.9052 | AB37: =$M37 -> 0.0986 | AC37: =R37*VLOOKUP($E37,武器奇术!$A:$R,2,FALSE)*(1+T37)*(1+U37)*V37 -> 5281.846 | AD37: =MAX((1-X37-Z37-AB37),0) -> 0.0311 | AE37: =W37*X37+Y37*Z37+AA37*AB37+AC37*AD37 -> 10097.089 | AF37: =VLOOKUP($E37,武器奇术!$A:$R,3,FALSE)*(1+IF(VLOOKUP($E37,武器奇术!$A:$R,15,FALSE)="武器",$E$15,0)) -> 421.59 | AG37: =(AF37+AH37)/2 -> 421.59 | AH37: =VLOOKUP($E37,武器奇术!$A:$R,3,FALSE)*(1+IF(VLOOKUP($E37,武器奇术!$A:$R,15,FALSE)="武器",$E$15,0)) -> 421.59 | AI37: =IF(($D$5+VLOOKUP($E37,武器奇术!$A:$R,13,FALSE)+IF($I$3="√",10,0)-VLOOKUP($F$7,目标属性!$A:$R,5,FALSE))>0,($D$5+VLOOKUP($E37,武器奇术!$A:$R,13,FALSE)+IF($I$3="√",10,0)-VLOOKUP($F$7,目标属性!$A:$R,5,FALSE))/200,($D$5+VLOOKUP($E37,武器奇术!$A:$R,13,FALSE)+IF($I$3="√",10,0)-VLOOKUP($F$7,目标属性!$A:$R,5,FALSE))/100) -> 0.2925 | AJ37: =$E$5+IF($G$5="烟柳",IF(VLOOKUP($E37,武器奇术!$A:$T,20,FALSE)=1,0.1,0),0) -> 0.1 | AK37: 1 | AL37: =AF37*(1+AI37)*(1+AJ37)*AK37 -> 599.39558 | AM37: =(1-IF(VLOOKUP($E37,武器奇术!$A:$R,18,FALSE)="叶龙",1,$N37))*(1-$M37) -> 0 | AN37: =AG37*(1+AI37)*(1+AJ37)*AK37*(1+$E$16+VLOOKUP($E37,武器奇术!$A:$R,8,FALSE)) -> 1201.1887 | AO37: =IF($L37+$M37<=100%,$N37*$L37,$N37*(1-$M37)) -> 0.8703 | AP37: =AH37*(1+AI37)*(1+AJ37)*AK37*(1+$E$17+VLOOKUP($E37,武器奇术!$A:$R,10,FALSE)) -> 809.18404 | AQ37: =$M37 -> 0.0986 | AR37: =AG37*(1+AI37)*(1+AJ37)*AK37 -> 599.39558 | AS37: =MAX((1-AM37-AO37-AQ37),0) -> 0.0311 | AT37: =AL37*AM37+AN37*AO37+AP37*AQ37+AR37*AS37 -> 1143.8213 | AU37: =$B$7*IF($G$5="撼天",1.05,1)+IF(AND(VLOOKUP($E37,武器奇术!$A:$R,15,FALSE)="武器",VLOOKUP($E37,武器奇术!$A:$R,17,FALSE)="鸣金"),$E$3*(1+$E$15),0) -> 0 | AV37: =(AU37+AW37)/2 -> 0 | AW37: =MAX($C$7*IF($G$5="撼天",1.05,1)+IF(AND(VLOOKUP($E37,武器奇术!$A:$R,15,FALSE)="武器",VLOOKUP($E37,武器奇术!$A:$R,17,FALSE)="鸣金"),$E$3*(1+$E$15),0),AU37) -> 0 | AX37: =IF(($D$7+IF(VLOOKUP($E37,武器奇术!$A:$R,17,FALSE)="鸣金",$D$15,0)-VLOOKUP($F$7,目标属性!$A:$R,6,FALSE))>0,($D$7+IF(VLOOKUP($E37,武器奇术!$A:$R,17,FALSE)="鸣金",$D$15,0)-VLOOKUP($F$7,目标属性!$A:$R,6,FALSE))/200,($D$7+IF(VLOOKUP($E37,武器奇术!$A:$R,17,FALSE)="鸣金",$D$15,0)-VLOOKUP($F$7,目标属性!$A:$R,6,FALSE))/100) -> -0.24 | AY37: =$E$7 -> 0 | AZ37: 1 | BA37: =AU37*IF(VLOOKUP($E37,武器奇术!$A:$R,17,FALSE)="鸣金",VLOOKUP($E37,武器奇术!$A:$R,4,FALSE),VLOOKUP($E37,武器奇术!$A:$R,2,FALSE))*(1+AX37)*(1+AY37)*AZ37 -> 0 | BB37: =(1-IF(VLOOKUP($E37,武器奇术!$A:$R,18,FALSE)="叶龙",1,$N37))*(1-$M37) -> 0 | BC37: =AV37*IF(VLOOKUP($E37,武器奇术!$A:$R,17,FALSE)="鸣金",VLOOKUP($E37,武器奇术!$A:$R,4,FALSE),VLOOKUP($E37,武器奇术!$A:$R,2,FALSE))*(1+AX37)*(1+AY37)*AZ37*(1+$E$16+VLOOKUP($E37,武器奇术!$A:$R,8,FALSE)) -> 0 | BD37: =IF($L37+$M37<=100%,$N37*$L37,$N37*(1-$M37)) -> 0.8703 | BE37: =AW37*IF(VLOOKUP($E37,武器奇术!$A:$R,17,FALSE)="鸣金",VLOOKUP($E37,武器奇术!$A:$R,4,FALSE),VLOOKUP($E37,武器奇术!$A:$R,2,FALSE))*(1+AX37)*(1+AY37)*AZ37*(1+$E$17+VLOOKUP($E37,武器奇术!$A:$R,10,FALSE)) -> 0 | BF37: =$M37 -> 0.0986 | BG37: =AV37*IF(VLOOKUP($E37,武器奇术!$A:$R,17,FALSE)="鸣金",VLOOKUP($E37,武器奇术!$A:$R,4,FALSE),VLOOKUP($E37,武器奇术!$A:$R,2,FALSE))*(1+AX37)*(1+AY37)*AZ37 -> 0 | BH37: =MAX((1-BB37-BD37-BF37),0) -> 0.0311 | BI37: =BA37*BB37+BC37*BD37+BE37*BF37+BG37*BH37 -> 0 | BJ37: =$B$9*IF($G$5="撼天",1.05,1)+IF(AND(VLOOKUP($E37,武器奇术!$A:$R,15,FALSE)="武器",VLOOKUP($E37,武器奇术!$A:$R,17,FALSE)="裂石"),$E$3*(1+$E$15),0) -> 0 | BK37: =(BJ37+BL37)/2 -> 0 | BL37: =MAX($C$9*IF($G$5="撼天",1.05,1)+IF(AND(VLOOKUP($E37,武器奇术!$A:$R,15,FALSE)="武器",VLOOKUP($E37,武器奇术!$A:$R,17,FALSE)="裂石"),$E$3*(1+$E$15),0),BJ37) -> 0 | BM37: =IF(($D$9+IF(VLOOKUP($E37,武器奇术!$A:$R,17,FALSE)="裂石",$D$15,0)-VLOOKUP($F$7,目标属性!$A:$R,6,FALSE))>0,($D$9+IF(VLOOKUP($E37,武器奇术!$A:$R,17,FALSE)="裂石",$D$15,0)-VLOOKUP($F$7,目标属性!$A:$R,6,FALSE))/200,($D$9+IF(VLOOKUP($E37,武器奇术!$A:$R,17,FALSE)="裂石",$D$15,0)-VLOOKUP($F$7,目标属性!$A:$R,6,FALSE))/100) -> -0.24 | BN37: =$E$9 -> 0 | BO37: 1 | BP37: =BJ37*IF(VLOOKUP($E37,武器奇术!$A:$R,17,FALSE)="裂石",VLOOKUP($E37,武器奇术!$A:$R,4,FALSE),VLOOKUP($E37,武器奇术!$A:$R,2,FALSE))*(1+BM37)*(1+BN37)*BO37 -> 0 | BQ37: =(1-IF(VLOOKUP($E37,武器奇术!$A:$R,18,FALSE)="叶龙",1,$N37))*(1-$M37) -> 0 | BR37: =BK37*IF(VLOOKUP($E37,武器奇术!$A:$R,17,FALSE)="裂石",VLOOKUP($E37,武器奇术!$A:$R,4,FALSE),VLOOKUP($E37,武器奇术!$A:$R,2,FALSE))*(1+BM37)*(1+BN37)*BO37*(1+$E$16+VLOOKUP($E37,武器奇术!$A:$R,8,FALSE)) -> 0 | BS37: =IF($L37+$M37<=100%,$N37*$L37,$N37*(1-$M37)) -> 0.8703 | BT37: =BL37*IF(VLOOKUP($E37,武器奇术!$A:$R,17,FALSE)="裂石",VLOOKUP($E37,武器奇术!$A:$R,4,FALSE),VLOOKUP($E37,武器奇术!$A:$R,2,FALSE))*(1+BM37)*(1+BN37)*BO37*(1+$E$17+VLOOKUP($E37,武器奇术!$A:$R,10,FALSE)) -> 0 | BU37: =$M37 -> 0.0986 | BV37: =BK37*IF(VLOOKUP($E37,武器奇术!$A:$R,17,FALSE)="裂石",VLOOKUP($E37,武器奇术!$A:$R,4,FALSE),VLOOKUP($E37,武器奇术!$A:$R,2,FALSE))*(1+BM37)*(1+BN37)*BO37 -> 0 | BW37: =MAX((1-BQ37-BS37-BU37),0) -> 0.0311 | BX37: =BP37*BQ37+BR37*BS37+BT37*BU37+BV37*BW37 -> 0 | BY37: =$B$11*IF($G$5="撼天",1.05,1)+IF(AND(VLOOKUP($E37,武器奇术!$A:$R,15,FALSE)="武器",VLOOKUP($E37,武器奇术!$A:$R,17,FALSE)="牵丝"),$E$3*(1+$E$15),0) -> 686.71 | BZ37: =IF(VLOOKUP($E37,武器奇术!$A:$Z,18,FALSE)="叶龙",(CA37-(BY37+CA37)*0.5)*($G$15-0.5)*2+(BY37+CA37)*0.5,(BY37+CA37)*0.5) -> 1052.21 | CA37: =MAX($C$11*IF($G$5="撼天",1.05,1)+IF(AND(VLOOKUP($E37,武器奇术!$A:$R,15,FALSE)="武器",VLOOKUP($E37,武器奇术!$A:$R,17,FALSE)="牵丝"),$E$3*(1+$E$15),0),BY37) -> 1417.71 | CB37: =IF(($D$11+IF(VLOOKUP($E37,武器奇术!$A:$R,17,FALSE)="牵丝",$D$15,0)-VLOOKUP($F$7,目标属性!$A:$R,6,FALSE))>0,($D$11+IF(VLOOKUP($E37,武器奇术!$A:$R,17,FALSE)="牵丝",$D$15,0)-VLOOKUP($F$7,目标属性!$A:$R,6,FALSE))/200,($D$11+IF(VLOOKUP($E37,武器奇术!$A:$R,17,FALSE)="牵丝",$D$15,0)-VLOOKUP($F$7,目标属性!$A:$R,6,FALSE))/100) -> 0.028 | CC37: =$E$11+IF($G$5="烟柳",IF(VLOOKUP($E37,武器奇术!$A:$T,20,FALSE)=1,0.1,0),0) -> 0.248 | CD37: 1 | CE37: =BY37*IF(VLOOKUP($E37,武器奇术!$A:$R,17,FALSE)="牵丝",VLOOKUP($E37,武器奇术!$A:$R,4,FALSE),VLOOKUP($E37,武器奇术!$A:$R,2,FALSE))*(1+CB37)*(1+CC37)*CD37 -> 1552.6708 | CF37: =(1-IF(VLOOKUP($E37,武器奇术!$A:$R,18,FALSE)="叶龙",1,$N37))*(1-$M37) -> 0 | CG37: =BZ37*IF(VLOOKUP($E37,武器奇术!$A:$R,17,FALSE)="牵丝",VLOOKUP($E37,武器奇术!$A:$R,4,FALSE),VLOOKUP($E37,武器奇术!$A:$R,2,FALSE))*(1+CB37)*(1+CC37)*CD37*(1+$E$16+VLOOKUP($E37,武器奇术!$A:$R,8,FALSE)) -> 4767.6698 | CH37: =IF($L37+$M37<=100%,$N37*$L37,$N37*(1-$M37)) -> 0.8703 | CI37: =CA37*IF(VLOOKUP($E37,武器奇术!$A:$R,17,FALSE)="牵丝",VLOOKUP($E37,武器奇术!$A:$R,4,FALSE),VLOOKUP($E37,武器奇术!$A:$R,2,FALSE))*(1+CB37)*(1+CC37)*CD37*(1+$E$17+VLOOKUP($E37,武器奇术!$A:$R,10,FALSE)) -> 4327.4015 | CJ37: =$M37 -> 0.0986 | CK37: =BZ37*IF(VLOOKUP($E37,武器奇术!$A:$R,17,FALSE)="牵丝",VLOOKUP($E37,武器奇术!$A:$R,4,FALSE),VLOOKUP($E37,武器奇术!$A:$R,2,FALSE))*(1+CB37)*(1+CC37)*CD37 -> 2379.0767 | CL37: =MAX((1-CF37-CH37-CJ37),0) -> 0.0311 | CM37: =CE37*CF37+CG37*CH37+CI37*CJ37+CK37*CL37 -> 4649.9741 | CN37: =$B$13*IF($G$5="撼天",1.05,1)+IF(AND(VLOOKUP($E37,武器奇术!$A:$R,15,FALSE)="武器",VLOOKUP($E37,武器奇术!$A:$R,17,FALSE)="破竹"),$E$3*(1+$E$15),0) -> 0 | CO37: =(CN37+CP37)/2 -> 0 | CP37: =MAX($C$13*IF($G$5="撼天",1.05,1)+IF(AND(VLOOKUP($E37,武器奇术!$A:$R,15,FALSE)="武器",VLOOKUP($E37,武器奇术!$A:$R,17,FALSE)="破竹"),$E$3*(1+$E$15),0),CN37) -> 0 | CQ37: =IF(($D$13+IF(VLOOKUP($E37,武器奇术!$A:$R,17,FALSE)="破竹",$D$15,0)-VLOOKUP($F$7,目标属性!$A:$R,6,FALSE))>0,($D$13+IF(VLOOKUP($E37,武器奇术!$A:$R,17,FALSE)="破竹",$D$15,0)-VLOOKUP($F$7,目标属性!$A:$R,6,FALSE))/200,($D$13+IF(VLOOKUP($E37,武器奇术!$A:$R,17,FALSE)="破竹",$D$15,0)-VLOOKUP($F$7,目标属性!$A:$R,6,FALSE))/100) -> -0.24 | CR37: =$E$13 -> 0 | CS37: 1 | CT37: =CN37*IF(VLOOKUP($E37,武器奇术!$A:$R,17,FALSE)="破竹",VLOOKUP($E37,武器奇术!$A:$R,4,FALSE),VLOOKUP($E37,武器奇术!$A:$R,2,FALSE))*(1+CQ37)*(1+CR37)*CS37 -> 0 | CU37: =(1-IF(VLOOKUP($E37,武器奇术!$A:$R,18,FALSE)="叶龙",1,$N37))*(1-$M37) -> 0 | CV37: =CO37*IF(VLOOKUP($E37,武器奇术!$A:$R,17,FALSE)="破竹",VLOOKUP($E37,武器奇术!$A:$R,4,FALSE),VLOOKUP($E37,武器奇术!$A:$R,2,FALSE))*(1+CQ37)*(1+CR37)*CS37*(1+$E$16+VLOOKUP($E37,武器奇术!$A:$R,8,FALSE)) -> 0 | CW37: =IF($L37+$M37<=100%,$N37*$L37,$N37*(1-$M37)) -> 0.8703 | CX37: =CP37*IF(VLOOKUP($E37,武器奇术!$A:$R,17,FALSE)="破竹",VLOOKUP($E37,武器奇术!$A:$R,4,FALSE),VLOOKUP($E37,武器奇术!$A:$R,2,FALSE))*(1+CQ37)*(1+CR37)*CS37*(1+$E$17+VLOOKUP($E37,武器奇术!$A:$R,10,FALSE)) -> 0 | CY37: =$M37 -> 0.0986 | CZ37: =CO37*IF(VLOOKUP($E37,武器奇术!$A:$R,17,FALSE)="破竹",VLOOKUP($E37,武器奇术!$A:$R,4,FALSE),VLOOKUP($E37,武器奇术!$A:$R,2,FALSE))*(1+CQ37)*(1+CR37)*CS37 -> 0 | DA37: =MAX((1-CU37-CW37-CY37),0) -> 0.0311 | DB37: =CT37*CU37+CV37*CW37+CX37*CY37+CZ37*DA37 -> 0 | DC37: =$B$15*IF($G$5="撼天",1.05,1) -> 66 | DD37: =(DC37+DE37)/2 -> 125.8 | DE37: =$C$15*IF($G$5="撼天",1.05,1) -> 185.6 | DF37: =IF((IF(VLOOKUP($E37,武器奇术!$A:$R,17,FALSE)="鸣金",$D$7,0)+IF(VLOOKUP($E37,武器奇术!$A:$R,17,FALSE)="裂石",$D$9,0)+IF(VLOOKUP($E37,武器奇术!$A:$R,17,FALSE)="牵丝",$D$11,0)+IF(VLOOKUP($E37,武器奇术!$A:$R,17,FALSE)="破竹",$D$13,0)+$D$15-VLOOKUP($F$7,目标属性!$A:$R,6,FALSE))>0,(IF(VLOOKUP($E37,武器奇术!$A:$R,17,FALSE)="鸣金",$D$7,0)+IF(VLOOKUP($E37,武器奇术!$A:$R,17,FALSE)="裂石",$D$9,0)+IF(VLOOKUP($E37,武器奇术!$A:$R,17,FALSE)="牵丝",$D$11,0)+IF(VLOOKUP($E37,武器奇术!$A:$R,17,FALSE)="破竹",$D$13,0)+$D$15-VLOOKUP($F$7,目标属性!$A:$R,6,FALSE))/200,(IF(VLOOKUP($E37,武器奇术!$A:$R,17,FALSE)="鸣金",$D$7,0)+IF(VLOOKUP($E37,武器奇术!$A:$R,17,FALSE)="裂石",$D$9,0)+IF(VLOOKUP($E37,武器奇术!$A:$R,17,FALSE)="牵丝",$D$11,0)+IF(VLOOKUP($E37,武器奇术!$A:$R,17,FALSE)="破竹",$D$13,0)+$D$15-VLOOKUP($F$7,目标属性!$A:$R,6,FALSE))/100) -> 0.028 | DG37: =$E$11+IF($G$5="烟柳",IF(VLOOKUP($E37,武器奇术!$A:$T,20,FALSE)=1,0.1,0),0) -> 0.248 | DH37: 1 | DI37: =DC37*IF(VLOOKUP($E37,武器奇术!$A:$R,17,FALSE)="牵丝",VLOOKUP($E37,武器奇术!$A:$R,4,FALSE),VLOOKUP($E37,武器奇术!$A:$R,2,FALSE))*(1+DF37)*(1+DG37)*DH37 -> 149.22788 | DJ37: =(1-IF(VLOOKUP($E37,武器奇术!$A:$R,18,FALSE)="叶龙",1,$N37))*(1-$M37) -> 0 | DK37: =DD37*IF(VLOOKUP($E37,武器奇术!$A:$R,17,FALSE)="牵丝",VLOOKUP($E37,武器奇术!$A:$R,4,FALSE),VLOOKUP($E37,武器奇术!$A:$R,2,FALSE))*(1+DF37)*(1+DG37)*DH37*(1+$E$16+VLOOKUP($E37,武器奇术!$A:$R,8,FALSE)) -> 570.0125 | DL37: =IF($L37+$M37<=100%,$N37*$L37,$N37*(1-$M37)) -> 0.8703 | DM37: =DE37*IF(VLOOKUP($E37,武器奇术!$A:$R,17,FALSE)="牵丝",VLOOKUP($E37,武器奇术!$A:$R,4,FALSE),VLOOKUP($E37,武器奇术!$A:$R,2,FALSE))*(1+DF37)*(1+DG37)*DH37*(1+$E$17+VLOOKUP($E37,武器奇术!$A:$R,10,FALSE)) -> 566.52328 | DN37: =$M37 -> 0.0986 | DO37: =DD37*IF(VLOOKUP($E37,武器奇术!$A:$R,17,FALSE)="牵丝",VLOOKUP($E37,武器奇术!$A:$R,4,FALSE),VLOOKUP($E37,武器奇术!$A:$R,2,FALSE))*(1+DF37)*(1+DG37)*DH37 -> 284.43738 | DP37: =MAX((1-DJ37-DL37-DN37),0) -> 0.0311 | DQ37: =DI37*DJ37+DK37*DL37+DM37*DN37+DO37*DP37 -> 560.78708
E38: 伞～(连中风墙小纵) | F38: 8.5 | G38: =$E$23 -> 0.32 | H38: =IF(VLOOKUP($E38,武器奇术!$A:$R,18,FALSE)="天工",AE38,(AE38+AT38+BI38+BX38+CM38+DB38+DQ38))*(1+J38)*F38*K38*(1+G38) -> 397417.43 | I38: =H38/$C$30 -> 0.045802342 | J38: =$F$3+VLOOKUP($E38,武器奇术!$A:$R,12,FALSE)+VLOOKUP($E38,武器奇术!$A:$R,14,FALSE)*$G$3+$P38+IF($F$21="√",5%,0) -> 1.153 | K38: =VLOOKUP($E38,武器奇术!$A:$R,11,FALSE) -> 1 | L38: =IF(VLOOKUP($E38,武器奇术!$A:$R,15,FALSE)="天工",0%,IF($C$17+VLOOKUP($E38,武器奇术!$A:$R,7,FALSE)>80%,80%,$C$17+VLOOKUP($E38,武器奇术!$A:$R,7,FALSE))+IF($C$19>20%,20%,$C$19)) -> 0.8703 | M38: =IF(VLOOKUP($E38,武器奇术!$A:$R,15,FALSE)="天工",0%,IF($C$18+VLOOKUP($E38,武器奇术!$A:$R,9,FALSE)>40%,40%,$C$18+VLOOKUP($E38,武器奇术!$A:$R,9,FALSE))+IF($C$20>10%,10%,$C$20)) -> 0.0986 | N38: =IF(VLOOKUP($E38,武器奇术!$A:$R,15,FALSE)="天工",100%,MIN($C$16,1)) -> 1 | O38: =VLOOKUP($E38,武器奇术!$A:$R,16,FALSE) -> 伞 | P38: =VLOOKUP($O38,$B$22:$C$27,2,FALSE)+IF(OR($O38="伞",$O38="扇"),$C$24,0) -> 0.17 | Q38: =$B$5*(1+VLOOKUP($E38,武器奇术!$A:$R,5,FALSE))*(1+VLOOKUP($E38,武器奇术!$A:$S,19,FALSE)+IF($G$5="飞隼",0.1,0)+IF($G$5="撼天",0.05,0))-$F$9+IF($J$5="√",160,0) -> 3081.85 | R38: =IF(VLOOKUP($E38,武器奇术!$A:$Z,18,FALSE)="叶龙",(S38-(Q38+S38)*0.5)*($G$15-0.5)*2+(Q38+S38)*0.5,(Q38+S38)*0.5) -> 3161.85 | S38: =MAX($C$5,$B$5)*(1+VLOOKUP($E38,武器奇术!$A:$R,6,FALSE))*(1+VLOOKUP($E38,武器奇术!$A:$S,19,FALSE)+IF($G$5="飞隼",0.1,0)+IF($G$5="撼天",0.05,0))-$F$9+IF($J$5="√",320,0) -> 3241.85 | T38: =IF(($D$5+VLOOKUP($E38,武器奇术!$A:$R,13,FALSE)+IF($I$3="√",10,0)-VLOOKUP($F$7,目标属性!$A:$R,5,FALSE))>0,($D$5+VLOOKUP($E38,武器奇术!$A:$R,13,FALSE)+IF($I$3="√",10,0)-VLOOKUP($F$7,目标属性!$A:$R,5,FALSE))/200,($D$5+VLOOKUP($E38,武器奇术!$A:$R,13,FALSE)+IF($I$3="√",10,0)-VLOOKUP($F$7,目标属性!$A:$R,5,FALSE))/100) -> 0.2925 | U38: =$E$5+IF($G$5="烟柳",IF(VLOOKUP($E38,武器奇术!$A:$T,20,FALSE)=1,0.1,0),0) -> 0.1 | V38: 1 | W38: =Q38*VLOOKUP($E38,武器奇术!$A:$R,2,FALSE)*(1+T38)*(1+U38)*V38 -> 5148.2066 | X38: =(1-IF(VLOOKUP($E38,武器奇术!$A:$R,18,FALSE)="叶龙",1,$N38))*(1-$M38) -> 0 | Y38: =R38*VLOOKUP($E38,武器奇术!$A:$R,2,FALSE)*(1+T38)*(1+U38)*V38*(1+$E$16+VLOOKUP($E38,武器奇术!$A:$R,8,FALSE)) -> 10584.819 | Z38: =IF($L38+$M38<=100%,$N38*$L38,$N38*(1-$M38)) -> 0.8703 | AA38: =S38*VLOOKUP($E38,武器奇术!$A:$R,2,FALSE)*(1+T38)*(1+U38)*V38*(1+$E$17+VLOOKUP($E38,武器奇术!$A:$R,10,FALSE)) -> 7310.9052 | AB38: =$M38 -> 0.0986 | AC38: =R38*VLOOKUP($E38,武器奇术!$A:$R,2,FALSE)*(1+T38)*(1+U38)*V38 -> 5281.846 | AD38: =MAX((1-X38-Z38-AB38),0) -> 0.0311 | AE38: =W38*X38+Y38*Z38+AA38*AB38+AC38*AD38 -> 10097.089 | AF38: =VLOOKUP($E38,武器奇术!$A:$R,3,FALSE)*(1+IF(VLOOKUP($E38,武器奇术!$A:$R,15,FALSE)="武器",$E$15,0)) -> 421.59 | AG38: =(AF38+AH38)/2 -> 421.59 | AH38: =VLOOKUP($E38,武器奇术!$A:$R,3,FALSE)*(1+IF(VLOOKUP($E38,武器奇术!$A:$R,15,FALSE)="武器",$E$15,0)) -> 421.59 | AI38: =IF(($D$5+VLOOKUP($E38,武器奇术!$A:$R,13,FALSE)+IF($I$3="√",10,0)-VLOOKUP($F$7,目标属性!$A:$R,5,FALSE))>0,($D$5+VLOOKUP($E38,武器奇术!$A:$R,13,FALSE)+IF($I$3="√",10,0)-VLOOKUP($F$7,目标属性!$A:$R,5,FALSE))/200,($D$5+VLOOKUP($E38,武器奇术!$A:$R,13,FALSE)+IF($I$3="√",10,0)-VLOOKUP($F$7,目标属性!$A:$R,5,FALSE))/100) -> 0.2925 | AJ38: =$E$5+IF($G$5="烟柳",IF(VLOOKUP($E38,武器奇术!$A:$T,20,FALSE)=1,0.1,0),0) -> 0.1 | AK38: 1 | AL38: =AF38*(1+AI38)*(1+AJ38)*AK38 -> 599.39558 | AM38: =(1-IF(VLOOKUP($E38,武器奇术!$A:$R,18,FALSE)="叶龙",1,$N38))*(1-$M38) -> 0 | AN38: =AG38*(1+AI38)*(1+AJ38)*AK38*(1+$E$16+VLOOKUP($E38,武器奇术!$A:$R,8,FALSE)) -> 1201.1887 | AO38: =IF($L38+$M38<=100%,$N38*$L38,$N38*(1-$M38)) -> 0.8703 | AP38: =AH38*(1+AI38)*(1+AJ38)*AK38*(1+$E$17+VLOOKUP($E38,武器奇术!$A:$R,10,FALSE)) -> 809.18404 | AQ38: =$M38 -> 0.0986 | AR38: =AG38*(1+AI38)*(1+AJ38)*AK38 -> 599.39558 | AS38: =MAX((1-AM38-AO38-AQ38),0) -> 0.0311 | AT38: =AL38*AM38+AN38*AO38+AP38*AQ38+AR38*AS38 -> 1143.8213 | AU38: =$B$7*IF($G$5="撼天",1.05,1)+IF(AND(VLOOKUP($E38,武器奇术!$A:$R,15,FALSE)="武器",VLOOKUP($E38,武器奇术!$A:$R,17,FALSE)="鸣金"),$E$3*(1+$E$15),0) -> 0 | AV38: =(AU38+AW38)/2 -> 0 | AW38: =MAX($C$7*IF($G$5="撼天",1.05,1)+IF(AND(VLOOKUP($E38,武器奇术!$A:$R,15,FALSE)="武器",VLOOKUP($E38,武器奇术!$A:$R,17,FALSE)="鸣金"),$E$3*(1+$E$15),0),AU38) -> 0 | AX38: =IF(($D$7+IF(VLOOKUP($E38,武器奇术!$A:$R,17,FALSE)="鸣金",$D$15,0)-VLOOKUP($F$7,目标属性!$A:$R,6,FALSE))>0,($D$7+IF(VLOOKUP($E38,武器奇术!$A:$R,17,FALSE)="鸣金",$D$15,0)-VLOOKUP($F$7,目标属性!$A:$R,6,FALSE))/200,($D$7+IF(VLOOKUP($E38,武器奇术!$A:$R,17,FALSE)="鸣金",$D$15,0)-VLOOKUP($F$7,目标属性!$A:$R,6,FALSE))/100) -> -0.24 | AY38: =$E$7 -> 0 | AZ38: 1 | BA38: =AU38*IF(VLOOKUP($E38,武器奇术!$A:$R,17,FALSE)="鸣金",VLOOKUP($E38,武器奇术!$A:$R,4,FALSE),VLOOKUP($E38,武器奇术!$A:$R,2,FALSE))*(1+AX38)*(1+AY38)*AZ38 -> 0 | BB38: =(1-IF(VLOOKUP($E38,武器奇术!$A:$R,18,FALSE)="叶龙",1,$N38))*(1-$M38) -> 0 | BC38: =AV38*IF(VLOOKUP($E38,武器奇术!$A:$R,17,FALSE)="鸣金",VLOOKUP($E38,武器奇术!$A:$R,4,FALSE),VLOOKUP($E38,武器奇术!$A:$R,2,FALSE))*(1+AX38)*(1+AY38)*AZ38*(1+$E$16+VLOOKUP($E38,武器奇术!$A:$R,8,FALSE)) -> 0 | BD38: =IF($L38+$M38<=100%,$N38*$L38,$N38*(1-$M38)) -> 0.8703 | BE38: =AW38*IF(VLOOKUP($E38,武器奇术!$A:$R,17,FALSE)="鸣金",VLOOKUP($E38,武器奇术!$A:$R,4,FALSE),VLOOKUP($E38,武器奇术!$A:$R,2,FALSE))*(1+AX38)*(1+AY38)*AZ38*(1+$E$17+VLOOKUP($E38,武器奇术!$A:$R,10,FALSE)) -> 0 | BF38: =$M38 -> 0.0986 | BG38: =AV38*IF(VLOOKUP($E38,武器奇术!$A:$R,17,FALSE)="鸣金",VLOOKUP($E38,武器奇术!$A:$R,4,FALSE),VLOOKUP($E38,武器奇术!$A:$R,2,FALSE))*(1+AX38)*(1+AY38)*AZ38 -> 0 | BH38: =MAX((1-BB38-BD38-BF38),0) -> 0.0311 | BI38: =BA38*BB38+BC38*BD38+BE38*BF38+BG38*BH38 -> 0 | BJ38: =$B$9*IF($G$5="撼天",1.05,1)+IF(AND(VLOOKUP($E38,武器奇术!$A:$R,15,FALSE)="武器",VLOOKUP($E38,武器奇术!$A:$R,17,FALSE)="裂石"),$E$3*(1+$E$15),0) -> 0 | BK38: =(BJ38+BL38)/2 -> 0 | BL38: =MAX($C$9*IF($G$5="撼天",1.05,1)+IF(AND(VLOOKUP($E38,武器奇术!$A:$R,15,FALSE)="武器",VLOOKUP($E38,武器奇术!$A:$R,17,FALSE)="裂石"),$E$3*(1+$E$15),0),BJ38) -> 0 | BM38: =IF(($D$9+IF(VLOOKUP($E38,武器奇术!$A:$R,17,FALSE)="裂石",$D$15,0)-VLOOKUP($F$7,目标属性!$A:$R,6,FALSE))>0,($D$9+IF(VLOOKUP($E38,武器奇术!$A:$R,17,FALSE)="裂石",$D$15,0)-VLOOKUP($F$7,目标属性!$A:$R,6,FALSE))/200,($D$9+IF(VLOOKUP($E38,武器奇术!$A:$R,17,FALSE)="裂石",$D$15,0)-VLOOKUP($F$7,目标属性!$A:$R,6,FALSE))/100) -> -0.24 | BN38: =$E$9 -> 0 | BO38: 1 | BP38: =BJ38*IF(VLOOKUP($E38,武器奇术!$A:$R,17,FALSE)="裂石",VLOOKUP($E38,武器奇术!$A:$R,4,FALSE),VLOOKUP($E38,武器奇术!$A:$R,2,FALSE))*(1+BM38)*(1+BN38)*BO38 -> 0 | BQ38: =(1-IF(VLOOKUP($E38,武器奇术!$A:$R,18,FALSE)="叶龙",1,$N38))*(1-$M38) -> 0 | BR38: =BK38*IF(VLOOKUP($E38,武器奇术!$A:$R,17,FALSE)="裂石",VLOOKUP($E38,武器奇术!$A:$R,4,FALSE),VLOOKUP($E38,武器奇术!$A:$R,2,FALSE))*(1+BM38)*(1+BN38)*BO38*(1+$E$16+VLOOKUP($E38,武器奇术!$A:$R,8,FALSE)) -> 0 | BS38: =IF($L38+$M38<=100%,$N38*$L38,$N38*(1-$M38)) -> 0.8703 | BT38: =BL38*IF(VLOOKUP($E38,武器奇术!$A:$R,17,FALSE)="裂石",VLOOKUP($E38,武器奇术!$A:$R,4,FALSE),VLOOKUP($E38,武器奇术!$A:$R,2,FALSE))*(1+BM38)*(1+BN38)*BO38*(1+$E$17+VLOOKUP($E38,武器奇术!$A:$R,10,FALSE)) -> 0 | BU38: =$M38 -> 0.0986 | BV38: =BK38*IF(VLOOKUP($E38,武器奇术!$A:$R,17,FALSE)="裂石",VLOOKUP($E38,武器奇术!$A:$R,4,FALSE),VLOOKUP($E38,武器奇术!$A:$R,2,FALSE))*(1+BM38)*(1+BN38)*BO38 -> 0 | BW38: =MAX((1-BQ38-BS38-BU38),0) -> 0.0311 | BX38: =BP38*BQ38+BR38*BS38+BT38*BU38+BV38*BW38 -> 0 | BY38: =$B$11*IF($G$5="撼天",1.05,1)+IF(AND(VLOOKUP($E38,武器奇术!$A:$R,15,FALSE)="武器",VLOOKUP($E38,武器奇术!$A:$R,17,FALSE)="牵丝"),$E$3*(1+$E$15),0) -> 686.71 | BZ38: =IF(VLOOKUP($E38,武器奇术!$A:$Z,18,FALSE)="叶龙",(CA38-(BY38+CA38)*0.5)*($G$15-0.5)*2+(BY38+CA38)*0.5,(BY38+CA38)*0.5) -> 1052.21 | CA38: =MAX($C$11*IF($G$5="撼天",1.05,1)+IF(AND(VLOOKUP($E38,武器奇术!$A:$R,15,FALSE)="武器",VLOOKUP($E38,武器奇术!$A:$R,17,FALSE)="牵丝"),$E$3*(1+$E$15),0),BY38) -> 1417.71 | CB38: =IF(($D$11+IF(VLOOKUP($E38,武器奇术!$A:$R,17,FALSE)="牵丝",$D$15,0)-VLOOKUP($F$7,目标属性!$A:$R,6,FALSE))>0,($D$11+IF(VLOOKUP($E38,武器奇术!$A:$R,17,FALSE)="牵丝",$D$15,0)-VLOOKUP($F$7,目标属性!$A:$R,6,FALSE))/200,($D$11+IF(VLOOKUP($E38,武器奇术!$A:$R,17,FALSE)="牵丝",$D$15,0)-VLOOKUP($F$7,目标属性!$A:$R,6,FALSE))/100) -> 0.028 | CC38: =$E$11+IF($G$5="烟柳",IF(VLOOKUP($E38,武器奇术!$A:$T,20,FALSE)=1,0.1,0),0) -> 0.248 | CD38: 1 | CE38: =BY38*IF(VLOOKUP($E38,武器奇术!$A:$R,17,FALSE)="牵丝",VLOOKUP($E38,武器奇术!$A:$R,4,FALSE),VLOOKUP($E38,武器奇术!$A:$R,2,FALSE))*(1+CB38)*(1+CC38)*CD38 -> 1552.6708 | CF38: =(1-IF(VLOOKUP($E38,武器奇术!$A:$R,18,FALSE)="叶龙",1,$N38))*(1-$M38) -> 0 | CG38: =BZ38*IF(VLOOKUP($E38,武器奇术!$A:$R,17,FALSE)="牵丝",VLOOKUP($E38,武器奇术!$A:$R,4,FALSE),VLOOKUP($E38,武器奇术!$A:$R,2,FALSE))*(1+CB38)*(1+CC38)*CD38*(1+$E$16+VLOOKUP($E38,武器奇术!$A:$R,8,FALSE)) -> 4767.6698 | CH38: =IF($L38+$M38<=100%,$N38*$L38,$N38*(1-$M38)) -> 0.8703 | CI38: =CA38*IF(VLOOKUP($E38,武器奇术!$A:$R,17,FALSE)="牵丝",VLOOKUP($E38,武器奇术!$A:$R,4,FALSE),VLOOKUP($E38,武器奇术!$A:$R,2,FALSE))*(1+CB38)*(1+CC38)*CD38*(1+$E$17+VLOOKUP($E38,武器奇术!$A:$R,10,FALSE)) -> 4327.4015 | CJ38: =$M38 -> 0.0986 | CK38: =BZ38*IF(VLOOKUP($E38,武器奇术!$A:$R,17,FALSE)="牵丝",VLOOKUP($E38,武器奇术!$A:$R,4,FALSE),VLOOKUP($E38,武器奇术!$A:$R,2,FALSE))*(1+CB38)*(1+CC38)*CD38 -> 2379.0767 | CL38: =MAX((1-CF38-CH38-CJ38),0) -> 0.0311 | CM38: =CE38*CF38+CG38*CH38+CI38*CJ38+CK38*CL38 -> 4649.9741 | CN38: =$B$13*IF($G$5="撼天",1.05,1)+IF(AND(VLOOKUP($E38,武器奇术!$A:$R,15,FALSE)="武器",VLOOKUP($E38,武器奇术!$A:$R,17,FALSE)="破竹"),$E$3*(1+$E$15),0) -> 0 | CO38: =(CN38+CP38)/2 -> 0 | CP38: =MAX($C$13*IF($G$5="撼天",1.05,1)+IF(AND(VLOOKUP($E38,武器奇术!$A:$R,15,FALSE)="武器",VLOOKUP($E38,武器奇术!$A:$R,17,FALSE)="破竹"),$E$3*(1+$E$15),0),CN38) -> 0 | CQ38: =IF(($D$13+IF(VLOOKUP($E38,武器奇术!$A:$R,17,FALSE)="破竹",$D$15,0)-VLOOKUP($F$7,目标属性!$A:$R,6,FALSE))>0,($D$13+IF(VLOOKUP($E38,武器奇术!$A:$R,17,FALSE)="破竹",$D$15,0)-VLOOKUP($F$7,目标属性!$A:$R,6,FALSE))/200,($D$13+IF(VLOOKUP($E38,武器奇术!$A:$R,17,FALSE)="破竹",$D$15,0)-VLOOKUP($F$7,目标属性!$A:$R,6,FALSE))/100) -> -0.24 | CR38: =$E$13 -> 0 | CS38: 1 | CT38: =CN38*IF(VLOOKUP($E38,武器奇术!$A:$R,17,FALSE)="破竹",VLOOKUP($E38,武器奇术!$A:$R,4,FALSE),VLOOKUP($E38,武器奇术!$A:$R,2,FALSE))*(1+CQ38)*(1+CR38)*CS38 -> 0 | CU38: =(1-IF(VLOOKUP($E38,武器奇术!$A:$R,18,FALSE)="叶龙",1,$N38))*(1-$M38) -> 0 | CV38: =CO38*IF(VLOOKUP($E38,武器奇术!$A:$R,17,FALSE)="破竹",VLOOKUP($E38,武器奇术!$A:$R,4,FALSE),VLOOKUP($E38,武器奇术!$A:$R,2,FALSE))*(1+CQ38)*(1+CR38)*CS38*(1+$E$16+VLOOKUP($E38,武器奇术!$A:$R,8,FALSE)) -> 0 | CW38: =IF($L38+$M38<=100%,$N38*$L38,$N38*(1-$M38)) -> 0.8703 | CX38: =CP38*IF(VLOOKUP($E38,武器奇术!$A:$R,17,FALSE)="破竹",VLOOKUP($E38,武器奇术!$A:$R,4,FALSE),VLOOKUP($E38,武器奇术!$A:$R,2,FALSE))*(1+CQ38)*(1+CR38)*CS38*(1+$E$17+VLOOKUP($E38,武器奇术!$A:$R,10,FALSE)) -> 0 | CY38: =$M38 -> 0.0986 | CZ38: =CO38*IF(VLOOKUP($E38,武器奇术!$A:$R,17,FALSE)="破竹",VLOOKUP($E38,武器奇术!$A:$R,4,FALSE),VLOOKUP($E38,武器奇术!$A:$R,2,FALSE))*(1+CQ38)*(1+CR38)*CS38 -> 0 | DA38: =MAX((1-CU38-CW38-CY38),0) -> 0.0311 | DB38: =CT38*CU38+CV38*CW38+CX38*CY38+CZ38*DA38 -> 0 | DC38: =$B$15*IF($G$5="撼天",1.05,1) -> 66 | DD38: =(DC38+DE38)/2 -> 125.8 | DE38: =$C$15*IF($G$5="撼天",1.05,1) -> 185.6 | DF38: =IF((IF(VLOOKUP($E38,武器奇术!$A:$R,17,FALSE)="鸣金",$D$7,0)+IF(VLOOKUP($E38,武器奇术!$A:$R,17,FALSE)="裂石",$D$9,0)+IF(VLOOKUP($E38,武器奇术!$A:$R,17,FALSE)="牵丝",$D$11,0)+IF(VLOOKUP($E38,武器奇术!$A:$R,17,FALSE)="破竹",$D$13,0)+$D$15-VLOOKUP($F$7,目标属性!$A:$R,6,FALSE))>0,(IF(VLOOKUP($E38,武器奇术!$A:$R,17,FALSE)="鸣金",$D$7,0)+IF(VLOOKUP($E38,武器奇术!$A:$R,17,FALSE)="裂石",$D$9,0)+IF(VLOOKUP($E38,武器奇术!$A:$R,17,FALSE)="牵丝",$D$11,0)+IF(VLOOKUP($E38,武器奇术!$A:$R,17,FALSE)="破竹",$D$13,0)+$D$15-VLOOKUP($F$7,目标属性!$A:$R,6,FALSE))/200,(IF(VLOOKUP($E38,武器奇术!$A:$R,17,FALSE)="鸣金",$D$7,0)+IF(VLOOKUP($E38,武器奇术!$A:$R,17,FALSE)="裂石",$D$9,0)+IF(VLOOKUP($E38,武器奇术!$A:$R,17,FALSE)="牵丝",$D$11,0)+IF(VLOOKUP($E38,武器奇术!$A:$R,17,FALSE)="破竹",$D$13,0)+$D$15-VLOOKUP($F$7,目标属性!$A:$R,6,FALSE))/100) -> 0.028 | DG38: =$E$11+IF($G$5="烟柳",IF(VLOOKUP($E38,武器奇术!$A:$T,20,FALSE)=1,0.1,0),0) -> 0.248 | DH38: 1 | DI38: =DC38*IF(VLOOKUP($E38,武器奇术!$A:$R,17,FALSE)="牵丝",VLOOKUP($E38,武器奇术!$A:$R,4,FALSE),VLOOKUP($E38,武器奇术!$A:$R,2,FALSE))*(1+DF38)*(1+DG38)*DH38 -> 149.22788 | DJ38: =(1-IF(VLOOKUP($E38,武器奇术!$A:$R,18,FALSE)="叶龙",1,$N38))*(1-$M38) -> 0 | DK38: =DD38*IF(VLOOKUP($E38,武器奇术!$A:$R,17,FALSE)="牵丝",VLOOKUP($E38,武器奇术!$A:$R,4,FALSE),VLOOKUP($E38,武器奇术!$A:$R,2,FALSE))*(1+DF38)*(1+DG38)*DH38*(1+$E$16+VLOOKUP($E38,武器奇术!$A:$R,8,FALSE)) -> 570.0125 | DL38: =IF($L38+$M38<=100%,$N38*$L38,$N38*(1-$M38)) -> 0.8703 | DM38: =DE38*IF(VLOOKUP($E38,武器奇术!$A:$R,17,FALSE)="牵丝",VLOOKUP($E38,武器奇术!$A:$R,4,FALSE),VLOOKUP($E38,武器奇术!$A:$R,2,FALSE))*(1+DF38)*(1+DG38)*DH38*(1+$E$17+VLOOKUP($E38,武器奇术!$A:$R,10,FALSE)) -> 566.52328 | DN38: =$M38 -> 0.0986 | DO38: =DD38*IF(VLOOKUP($E38,武器奇术!$A:$R,17,FALSE)="牵丝",VLOOKUP($E38,武器奇术!$A:$R,4,FALSE),VLOOKUP($E38,武器奇术!$A:$R,2,FALSE))*(1+DF38)*(1+DG38)*DH38 -> 284.43738 | DP38: =MAX((1-DJ38-DL38-DN38),0) -> 0.0311 | DQ38: =DI38*DJ38+DK38*DL38+DM38*DN38+DO38*DP38 -> 560.78708
E39: 伞Q(连中风墙小纵) | F39: 1 | H39: =IF(VLOOKUP($E39,武器奇术!$A:$R,18,FALSE)="天工",AE39,(AE39+AT39+BI39+BX39+CM39+DB39+DQ39))*(1+J39)*F39*K39*(1+G39) -> 70550.358 | I39: =H39/$C$30 -> 0.0081309258 | J39: =$F$3+VLOOKUP($E39,武器奇术!$A:$R,12,FALSE)+VLOOKUP($E39,武器奇术!$A:$R,14,FALSE)*$G$3+$P39+IF($F$21="√",5%,0) -> 1.153 | K39: =VLOOKUP($E39,武器奇术!$A:$R,11,FALSE) -> 1 | L39: =IF(VLOOKUP($E39,武器奇术!$A:$R,15,FALSE)="天工",0%,IF($C$17+VLOOKUP($E39,武器奇术!$A:$R,7,FALSE)>80%,80%,$C$17+VLOOKUP($E39,武器奇术!$A:$R,7,FALSE))+IF($C$19>20%,20%,$C$19)) -> 0.8703 | M39: =IF(VLOOKUP($E39,武器奇术!$A:$R,15,FALSE)="天工",0%,IF($C$18+VLOOKUP($E39,武器奇术!$A:$R,9,FALSE)>40%,40%,$C$18+VLOOKUP($E39,武器奇术!$A:$R,9,FALSE))+IF($C$20>10%,10%,$C$20)) -> 0.0986 | N39: =IF(VLOOKUP($E39,武器奇术!$A:$R,15,FALSE)="天工",100%,MIN($C$16,1)) -> 1 | O39: =VLOOKUP($E39,武器奇术!$A:$R,16,FALSE) -> 伞 | P39: =VLOOKUP($O39,$B$22:$C$27,2,FALSE)+IF(OR($O39="伞",$O39="扇"),$C$24,0) -> 0.17 | Q39: =$B$5*(1+VLOOKUP($E39,武器奇术!$A:$R,5,FALSE))*(1+VLOOKUP($E39,武器奇术!$A:$S,19,FALSE)+IF($G$5="飞隼",0.1,0)+IF($G$5="撼天",0.05,0))-$F$9+IF($J$5="√",160,0) -> 3081.85 | R39: =IF(VLOOKUP($E39,武器奇术!$A:$Z,18,FALSE)="叶龙",(S39-(Q39+S39)*0.5)*($G$15-0.5)*2+(Q39+S39)*0.5,(Q39+S39)*0.5) -> 3161.85 | S39: =MAX($C$5,$B$5)*(1+VLOOKUP($E39,武器奇术!$A:$R,6,FALSE))*(1+VLOOKUP($E39,武器奇术!$A:$S,19,FALSE)+IF($G$5="飞隼",0.1,0)+IF($G$5="撼天",0.05,0))-$F$9+IF($J$5="√",320,0) -> 3241.85 | T39: =IF(($D$5+VLOOKUP($E39,武器奇术!$A:$R,13,FALSE)+IF($I$3="√",10,0)-VLOOKUP($F$7,目标属性!$A:$R,5,FALSE))>0,($D$5+VLOOKUP($E39,武器奇术!$A:$R,13,FALSE)+IF($I$3="√",10,0)-VLOOKUP($F$7,目标属性!$A:$R,5,FALSE))/200,($D$5+VLOOKUP($E39,武器奇术!$A:$R,13,FALSE)+IF($I$3="√",10,0)-VLOOKUP($F$7,目标属性!$A:$R,5,FALSE))/100) -> 0.2925 | U39: =$E$5+IF($G$5="烟柳",IF(VLOOKUP($E39,武器奇术!$A:$T,20,FALSE)=1,0.1,0),0) -> 0.1 | V39: 1 | W39: =Q39*VLOOKUP($E39,武器奇术!$A:$R,2,FALSE)*(1+T39)*(1+U39)*V39 -> 10251.677 | X39: =(1-IF(VLOOKUP($E39,武器奇术!$A:$R,18,FALSE)="叶龙",1,$N39))*(1-$M39) -> 0 | Y39: =R39*VLOOKUP($E39,武器奇术!$A:$R,2,FALSE)*(1+T39)*(1+U39)*V39*(1+$E$16+VLOOKUP($E39,武器奇术!$A:$R,8,FALSE)) -> 21077.66 | Z39: =IF($L39+$M39<=100%,$N39*$L39,$N39*(1-$M39)) -> 0.8703 | AA39: =S39*VLOOKUP($E39,武器奇术!$A:$R,2,FALSE)*(1+T39)*(1+U39)*V39*(1+$E$17+VLOOKUP($E39,武器奇术!$A:$R,10,FALSE)) -> 14558.281 | AB39: =$M39 -> 0.0986 | AC39: =R39*VLOOKUP($E39,武器奇术!$A:$R,2,FALSE)*(1+T39)*(1+U39)*V39 -> 10517.794 | AD39: =MAX((1-X39-Z39-AB39),0) -> 0.0311 | AE39: =W39*X39+Y39*Z39+AA39*AB39+AC39*AD39 -> 20106.437 | AF39: =VLOOKUP($E39,武器奇术!$A:$R,3,FALSE)*(1+IF(VLOOKUP($E39,武器奇术!$A:$R,15,FALSE)="武器",$E$15,0)) -> 842.4 | AG39: =(AF39+AH39)/2 -> 842.4 | AH39: =VLOOKUP($E39,武器奇术!$A:$R,3,FALSE)*(1+IF(VLOOKUP($E39,武器奇术!$A:$R,15,FALSE)="武器",$E$15,0)) -> 842.4 | AI39: =IF(($D$5+VLOOKUP($E39,武器奇术!$A:$R,13,FALSE)+IF($I$3="√",10,0)-VLOOKUP($F$7,目标属性!$A:$R,5,FALSE))>0,($D$5+VLOOKUP($E39,武器奇术!$A:$R,13,FALSE)+IF($I$3="√",10,0)-VLOOKUP($F$7,目标属性!$A:$R,5,FALSE))/200,($D$5+VLOOKUP($E39,武器奇术!$A:$R,13,FALSE)+IF($I$3="√",10,0)-VLOOKUP($F$7,目标属性!$A:$R,5,FALSE))/100) -> 0.2925 | AJ39: =$E$5+IF($G$5="烟柳",IF(VLOOKUP($E39,武器奇术!$A:$T,20,FALSE)=1,0.1,0),0) -> 0.1 | AK39: 1 | AL39: =AF39*(1+AI39)*(1+AJ39)*AK39 -> 1197.6822 | AM39: =(1-IF(VLOOKUP($E39,武器奇术!$A:$R,18,FALSE)="叶龙",1,$N39))*(1-$M39) -> 0 | AN39: =AG39*(1+AI39)*(1+AJ39)*AK39*(1+$E$16+VLOOKUP($E39,武器奇术!$A:$R,8,FALSE)) -> 2400.1551 | AO39: =IF($L39+$M39<=100%,$N39*$L39,$N39*(1-$M39)) -> 0.8703 | AP39: =AH39*(1+AI39)*(1+AJ39)*AK39*(1+$E$17+VLOOKUP($E39,武器奇术!$A:$R,10,FALSE)) -> 1616.871 | AQ39: =$M39 -> 0.0986 | AR39: =AG39*(1+AI39)*(1+AJ39)*AK39 -> 1197.6822 | AS39: =MAX((1-AM39-AO39-AQ39),0) -> 0.0311 | AT39: =AL39*AM39+AN39*AO39+AP39*AQ39+AR39*AS39 -> 2285.5264 | AU39: =$B$7*IF($G$5="撼天",1.05,1)+IF(AND(VLOOKUP($E39,武器奇术!$A:$R,15,FALSE)="武器",VLOOKUP($E39,武器奇术!$A:$R,17,FALSE)="鸣金"),$E$3*(1+$E$15),0) -> 0 | AV39: =(AU39+AW39)/2 -> 0 | AW39: =MAX($C$7*IF($G$5="撼天",1.05,1)+IF(AND(VLOOKUP($E39,武器奇术!$A:$R,15,FALSE)="武器",VLOOKUP($E39,武器奇术!$A:$R,17,FALSE)="鸣金"),$E$3*(1+$E$15),0),AU39) -> 0 | AX39: =IF(($D$7+IF(VLOOKUP($E39,武器奇术!$A:$R,17,FALSE)="鸣金",$D$15,0)-VLOOKUP($F$7,目标属性!$A:$R,6,FALSE))>0,($D$7+IF(VLOOKUP($E39,武器奇术!$A:$R,17,FALSE)="鸣金",$D$15,0)-VLOOKUP($F$7,目标属性!$A:$R,6,FALSE))/200,($D$7+IF(VLOOKUP($E39,武器奇术!$A:$R,17,FALSE)="鸣金",$D$15,0)-VLOOKUP($F$7,目标属性!$A:$R,6,FALSE))/100) -> -0.24 | AY39: =$E$7 -> 0 | AZ39: 1 | BA39: =AU39*IF(VLOOKUP($E39,武器奇术!$A:$R,17,FALSE)="鸣金",VLOOKUP($E39,武器奇术!$A:$R,4,FALSE),VLOOKUP($E39,武器奇术!$A:$R,2,FALSE))*(1+AX39)*(1+AY39)*AZ39 -> 0 | BB39: =(1-IF(VLOOKUP($E39,武器奇术!$A:$R,18,FALSE)="叶龙",1,$N39))*(1-$M39) -> 0 | BC39: =AV39*IF(VLOOKUP($E39,武器奇术!$A:$R,17,FALSE)="鸣金",VLOOKUP($E39,武器奇术!$A:$R,4,FALSE),VLOOKUP($E39,武器奇术!$A:$R,2,FALSE))*(1+AX39)*(1+AY39)*AZ39*(1+$E$16+VLOOKUP($E39,武器奇术!$A:$R,8,FALSE)) -> 0 | BD39: =IF($L39+$M39<=100%,$N39*$L39,$N39*(1-$M39)) -> 0.8703 | BE39: =AW39*IF(VLOOKUP($E39,武器奇术!$A:$R,17,FALSE)="鸣金",VLOOKUP($E39,武器奇术!$A:$R,4,FALSE),VLOOKUP($E39,武器奇术!$A:$R,2,FALSE))*(1+AX39)*(1+AY39)*AZ39*(1+$E$17+VLOOKUP($E39,武器奇术!$A:$R,10,FALSE)) -> 0 | BF39: =$M39 -> 0.0986 | BG39: =AV39*IF(VLOOKUP($E39,武器奇术!$A:$R,17,FALSE)="鸣金",VLOOKUP($E39,武器奇术!$A:$R,4,FALSE),VLOOKUP($E39,武器奇术!$A:$R,2,FALSE))*(1+AX39)*(1+AY39)*AZ39 -> 0 | BH39: =MAX((1-BB39-BD39-BF39),0) -> 0.0311 | BI39: =BA39*BB39+BC39*BD39+BE39*BF39+BG39*BH39 -> 0 | BJ39: =$B$9*IF($G$5="撼天",1.05,1)+IF(AND(VLOOKUP($E39,武器奇术!$A:$R,15,FALSE)="武器",VLOOKUP($E39,武器奇术!$A:$R,17,FALSE)="裂石"),$E$3*(1+$E$15),0) -> 0 | BK39: =(BJ39+BL39)/2 -> 0 | BL39: =MAX($C$9*IF($G$5="撼天",1.05,1)+IF(AND(VLOOKUP($E39,武器奇术!$A:$R,15,FALSE)="武器",VLOOKUP($E39,武器奇术!$A:$R,17,FALSE)="裂石"),$E$3*(1+$E$15),0),BJ39) -> 0 | BM39: =IF(($D$9+IF(VLOOKUP($E39,武器奇术!$A:$R,17,FALSE)="裂石",$D$15,0)-VLOOKUP($F$7,目标属性!$A:$R,6,FALSE))>0,($D$9+IF(VLOOKUP($E39,武器奇术!$A:$R,17,FALSE)="裂石",$D$15,0)-VLOOKUP($F$7,目标属性!$A:$R,6,FALSE))/200,($D$9+IF(VLOOKUP($E39,武器奇术!$A:$R,17,FALSE)="裂石",$D$15,0)-VLOOKUP($F$7,目标属性!$A:$R,6,FALSE))/100) -> -0.24 | BN39: =$E$9 -> 0 | BO39: 1 | BP39: =BJ39*IF(VLOOKUP($E39,武器奇术!$A:$R,17,FALSE)="裂石",VLOOKUP($E39,武器奇术!$A:$R,4,FALSE),VLOOKUP($E39,武器奇术!$A:$R,2,FALSE))*(1+BM39)*(1+BN39)*BO39 -> 0 | BQ39: =(1-IF(VLOOKUP($E39,武器奇术!$A:$R,18,FALSE)="叶龙",1,$N39))*(1-$M39) -> 0 | BR39: =BK39*IF(VLOOKUP($E39,武器奇术!$A:$R,17,FALSE)="裂石",VLOOKUP($E39,武器奇术!$A:$R,4,FALSE),VLOOKUP($E39,武器奇术!$A:$R,2,FALSE))*(1+BM39)*(1+BN39)*BO39*(1+$E$16+VLOOKUP($E39,武器奇术!$A:$R,8,FALSE)) -> 0 | BS39: =IF($L39+$M39<=100%,$N39*$L39,$N39*(1-$M39)) -> 0.8703 | BT39: =BL39*IF(VLOOKUP($E39,武器奇术!$A:$R,17,FALSE)="裂石",VLOOKUP($E39,武器奇术!$A:$R,4,FALSE),VLOOKUP($E39,武器奇术!$A:$R,2,FALSE))*(1+BM39)*(1+BN39)*BO39*(1+$E$17+VLOOKUP($E39,武器奇术!$A:$R,10,FALSE)) -> 0 | BU39: =$M39 -> 0.0986 | BV39: =BK39*IF(VLOOKUP($E39,武器奇术!$A:$R,17,FALSE)="裂石",VLOOKUP($E39,武器奇术!$A:$R,4,FALSE),VLOOKUP($E39,武器奇术!$A:$R,2,FALSE))*(1+BM39)*(1+BN39)*BO39 -> 0 | BW39: =MAX((1-BQ39-BS39-BU39),0) -> 0.0311 | BX39: =BP39*BQ39+BR39*BS39+BT39*BU39+BV39*BW39 -> 0 | BY39: =$B$11*IF($G$5="撼天",1.05,1)+IF(AND(VLOOKUP($E39,武器奇术!$A:$R,15,FALSE)="武器",VLOOKUP($E39,武器奇术!$A:$R,17,FALSE)="牵丝"),$E$3*(1+$E$15),0) -> 686.71 | BZ39: =IF(VLOOKUP($E39,武器奇术!$A:$Z,18,FALSE)="叶龙",(CA39-(BY39+CA39)*0.5)*($G$15-0.5)*2+(BY39+CA39)*0.5,(BY39+CA39)*0.5) -> 1052.21 | CA39: =MAX($C$11*IF($G$5="撼天",1.05,1)+IF(AND(VLOOKUP($E39,武器奇术!$A:$R,15,FALSE)="武器",VLOOKUP($E39,武器奇术!$A:$R,17,FALSE)="牵丝"),$E$3*(1+$E$15),0),BY39) -> 1417.71 | CB39: =IF(($D$11+IF(VLOOKUP($E39,武器奇术!$A:$R,17,FALSE)="牵丝",$D$15,0)-VLOOKUP($F$7,目标属性!$A:$R,6,FALSE))>0,($D$11+IF(VLOOKUP($E39,武器奇术!$A:$R,17,FALSE)="牵丝",$D$15,0)-VLOOKUP($F$7,目标属性!$A:$R,6,FALSE))/200,($D$11+IF(VLOOKUP($E39,武器奇术!$A:$R,17,FALSE)="牵丝",$D$15,0)-VLOOKUP($F$7,目标属性!$A:$R,6,FALSE))/100) -> 0.028 | CC39: =$E$11+IF($G$5="烟柳",IF(VLOOKUP($E39,武器奇术!$A:$T,20,FALSE)=1,0.1,0),0) -> 0.248 | CD39: 1 | CE39: =BY39*IF(VLOOKUP($E39,武器奇术!$A:$R,17,FALSE)="牵丝",VLOOKUP($E39,武器奇术!$A:$R,4,FALSE),VLOOKUP($E39,武器奇术!$A:$R,2,FALSE))*(1+CB39)*(1+CC39)*CD39 -> 3091.9063 | CF39: =(1-IF(VLOOKUP($E39,武器奇术!$A:$R,18,FALSE)="叶龙",1,$N39))*(1-$M39) -> 0 | CG39: =BZ39*IF(VLOOKUP($E39,武器奇术!$A:$R,17,FALSE)="牵丝",VLOOKUP($E39,武器奇术!$A:$R,4,FALSE),VLOOKUP($E39,武器奇术!$A:$R,2,FALSE))*(1+CB39)*(1+CC39)*CD39*(1+$E$16+VLOOKUP($E39,武器奇术!$A:$R,8,FALSE)) -> 9494.0844 | CH39: =IF($L39+$M39<=100%,$N39*$L39,$N39*(1-$M39)) -> 0.8703 | CI39: =CA39*IF(VLOOKUP($E39,武器奇术!$A:$R,17,FALSE)="牵丝",VLOOKUP($E39,武器奇术!$A:$R,4,FALSE),VLOOKUP($E39,武器奇术!$A:$R,2,FALSE))*(1+CB39)*(1+CC39)*CD39*(1+$E$17+VLOOKUP($E39,武器奇术!$A:$R,10,FALSE)) -> 8617.3576 | CJ39: =$M39 -> 0.0986 | CK39: =BZ39*IF(VLOOKUP($E39,武器奇术!$A:$R,17,FALSE)="牵丝",VLOOKUP($E39,武器奇术!$A:$R,4,FALSE),VLOOKUP($E39,武器奇术!$A:$R,2,FALSE))*(1+CB39)*(1+CC39)*CD39 -> 4737.5671 | CL39: =MAX((1-CF39-CH39-CJ39),0) -> 0.0311 | CM39: =CE39*CF39+CG39*CH39+CI39*CJ39+CK39*CL39 -> 9259.7115 | CN39: =$B$13*IF($G$5="撼天",1.05,1)+IF(AND(VLOOKUP($E39,武器奇术!$A:$R,15,FALSE)="武器",VLOOKUP($E39,武器奇术!$A:$R,17,FALSE)="破竹"),$E$3*(1+$E$15),0) -> 0 | CO39: =(CN39+CP39)/2 -> 0 | CP39: =MAX($C$13*IF($G$5="撼天",1.05,1)+IF(AND(VLOOKUP($E39,武器奇术!$A:$R,15,FALSE)="武器",VLOOKUP($E39,武器奇术!$A:$R,17,FALSE)="破竹"),$E$3*(1+$E$15),0),CN39) -> 0 | CQ39: =IF(($D$13+IF(VLOOKUP($E39,武器奇术!$A:$R,17,FALSE)="破竹",$D$15,0)-VLOOKUP($F$7,目标属性!$A:$R,6,FALSE))>0,($D$13+IF(VLOOKUP($E39,武器奇术!$A:$R,17,FALSE)="破竹",$D$15,0)-VLOOKUP($F$7,目标属性!$A:$R,6,FALSE))/200,($D$13+IF(VLOOKUP($E39,武器奇术!$A:$R,17,FALSE)="破竹",$D$15,0)-VLOOKUP($F$7,目标属性!$A:$R,6,FALSE))/100) -> -0.24 | CR39: =$E$13 -> 0 | CS39: 1 | CT39: =CN39*IF(VLOOKUP($E39,武器奇术!$A:$R,17,FALSE)="破竹",VLOOKUP($E39,武器奇术!$A:$R,4,FALSE),VLOOKUP($E39,武器奇术!$A:$R,2,FALSE))*(1+CQ39)*(1+CR39)*CS39 -> 0 | CU39: =(1-IF(VLOOKUP($E39,武器奇术!$A:$R,18,FALSE)="叶龙",1,$N39))*(1-$M39) -> 0 | CV39: =CO39*IF(VLOOKUP($E39,武器奇术!$A:$R,17,FALSE)="破竹",VLOOKUP($E39,武器奇术!$A:$R,4,FALSE),VLOOKUP($E39,武器奇术!$A:$R,2,FALSE))*(1+CQ39)*(1+CR39)*CS39*(1+$E$16+VLOOKUP($E39,武器奇术!$A:$R,8,FALSE)) -> 0 | CW39: =IF($L39+$M39<=100%,$N39*$L39,$N39*(1-$M39)) -> 0.8703 | CX39: =CP39*IF(VLOOKUP($E39,武器奇术!$A:$R,17,FALSE)="破竹",VLOOKUP($E39,武器奇术!$A:$R,4,FALSE),VLOOKUP($E39,武器奇术!$A:$R,2,FALSE))*(1+CQ39)*(1+CR39)*CS39*(1+$E$17+VLOOKUP($E39,武器奇术!$A:$R,10,FALSE)) -> 0 | CY39: =$M39 -> 0.0986 | CZ39: =CO39*IF(VLOOKUP($E39,武器奇术!$A:$R,17,FALSE)="破竹",VLOOKUP($E39,武器奇术!$A:$R,4,FALSE),VLOOKUP($E39,武器奇术!$A:$R,2,FALSE))*(1+CQ39)*(1+CR39)*CS39 -> 0 | DA39: =MAX((1-CU39-CW39-CY39),0) -> 0.0311 | DB39: =CT39*CU39+CV39*CW39+CX39*CY39+CZ39*DA39 -> 0 | DC39: =$B$15*IF($G$5="撼天",1.05,1) -> 66 | DD39: =(DC39+DE39)/2 -> 125.8 | DE39: =$C$15*IF($G$5="撼天",1.05,1) -> 185.6 | DF39: =IF((IF(VLOOKUP($E39,武器奇术!$A:$R,17,FALSE)="鸣金",$D$7,0)+IF(VLOOKUP($E39,武器奇术!$A:$R,17,FALSE)="裂石",$D$9,0)+IF(VLOOKUP($E39,武器奇术!$A:$R,17,FALSE)="牵丝",$D$11,0)+IF(VLOOKUP($E39,武器奇术!$A:$R,17,FALSE)="破竹",$D$13,0)+$D$15-VLOOKUP($F$7,目标属性!$A:$R,6,FALSE))>0,(IF(VLOOKUP($E39,武器奇术!$A:$R,17,FALSE)="鸣金",$D$7,0)+IF(VLOOKUP($E39,武器奇术!$A:$R,17,FALSE)="裂石",$D$9,0)+IF(VLOOKUP($E39,武器奇术!$A:$R,17,FALSE)="牵丝",$D$11,0)+IF(VLOOKUP($E39,武器奇术!$A:$R,17,FALSE)="破竹",$D$13,0)+$D$15-VLOOKUP($F$7,目标属性!$A:$R,6,FALSE))/200,(IF(VLOOKUP($E39,武器奇术!$A:$R,17,FALSE)="鸣金",$D$7,0)+IF(VLOOKUP($E39,武器奇术!$A:$R,17,FALSE)="裂石",$D$9,0)+IF(VLOOKUP($E39,武器奇术!$A:$R,17,FALSE)="牵丝",$D$11,0)+IF(VLOOKUP($E39,武器奇术!$A:$R,17,FALSE)="破竹",$D$13,0)+$D$15-VLOOKUP($F$7,目标属性!$A:$R,6,FALSE))/100) -> 0.028 | DG39: =$E$11+IF($G$5="烟柳",IF(VLOOKUP($E39,武器奇术!$A:$T,20,FALSE)=1,0.1,0),0) -> 0.248 | DH39: 1 | DI39: =DC39*IF(VLOOKUP($E39,武器奇术!$A:$R,17,FALSE)="牵丝",VLOOKUP($E39,武器奇术!$A:$R,4,FALSE),VLOOKUP($E39,武器奇术!$A:$R,2,FALSE))*(1+DF39)*(1+DG39)*DH39 -> 297.16447 | DJ39: =(1-IF(VLOOKUP($E39,武器奇术!$A:$R,18,FALSE)="叶龙",1,$N39))*(1-$M39) -> 0 | DK39: =DD39*IF(VLOOKUP($E39,武器奇术!$A:$R,17,FALSE)="牵丝",VLOOKUP($E39,武器奇术!$A:$R,4,FALSE),VLOOKUP($E39,武器奇术!$A:$R,2,FALSE))*(1+DF39)*(1+DG39)*DH39*(1+$E$16+VLOOKUP($E39,武器奇术!$A:$R,8,FALSE)) -> 1135.0926 | DL39: =IF($L39+$M39<=100%,$N39*$L39,$N39*(1-$M39)) -> 0.8703 | DM39: =DE39*IF(VLOOKUP($E39,武器奇术!$A:$R,17,FALSE)="牵丝",VLOOKUP($E39,武器奇术!$A:$R,4,FALSE),VLOOKUP($E39,武器奇术!$A:$R,2,FALSE))*(1+DF39)*(1+DG39)*DH39*(1+$E$17+VLOOKUP($E39,武器奇术!$A:$R,10,FALSE)) -> 1128.1444 | DN39: =$M39 -> 0.0986 | DO39: =DD39*IF(VLOOKUP($E39,武器奇术!$A:$R,17,FALSE)="牵丝",VLOOKUP($E39,武器奇术!$A:$R,4,FALSE),VLOOKUP($E39,武器奇术!$A:$R,2,FALSE))*(1+DF39)*(1+DG39)*DH39 -> 566.41349 | DP39: =MAX((1-DJ39-DL39-DN39),0) -> 0.0311 | DQ39: =DI39*DJ39+DK39*DL39+DM39*DN39+DO39*DP39 -> 1116.7216
B40: 100本属性毕业率 | C40: =C35/114168.33 -> 0.99999996 | E40: 伞重击派生(小纵) | F40: 1 | H40: =IF(VLOOKUP($E40,武器奇术!$A:$R,18,FALSE)="天工",AE40,(AE40+AT40+BI40+BX40+CM40+DB40+DQ40))*(1+J40)*F40*K40*(1+G40) -> 32525.143 | I40: =H40/$C$30 -> 0.0037485214 | J40: =$F$3+VLOOKUP($E40,武器奇术!$A:$R,12,FALSE)+VLOOKUP($E40,武器奇术!$A:$R,14,FALSE)*$G$3+$P40+IF($F$21="√",5%,0) -> 0.673 | K40: =VLOOKUP($E40,武器奇术!$A:$R,11,FALSE) -> 1 | L40: =IF(VLOOKUP($E40,武器奇术!$A:$R,15,FALSE)="天工",0%,IF($C$17+VLOOKUP($E40,武器奇术!$A:$R,7,FALSE)>80%,80%,$C$17+VLOOKUP($E40,武器奇术!$A:$R,7,FALSE))+IF($C$19>20%,20%,$C$19)) -> 0.8703 | M40: =IF(VLOOKUP($E40,武器奇术!$A:$R,15,FALSE)="天工",0%,IF($C$18+VLOOKUP($E40,武器奇术!$A:$R,9,FALSE)>40%,40%,$C$18+VLOOKUP($E40,武器奇术!$A:$R,9,FALSE))+IF($C$20>10%,10%,$C$20)) -> 0.0986 | N40: =IF(VLOOKUP($E40,武器奇术!$A:$R,15,FALSE)="天工",100%,MIN($C$16,1)) -> 1 | O40: =VLOOKUP($E40,武器奇术!$A:$R,16,FALSE) -> 伞 | P40: =VLOOKUP($O40,$B$22:$C$27,2,FALSE)+IF(OR($O40="伞",$O40="扇"),$C$24,0) -> 0.17 | Q40: =$B$5*(1+VLOOKUP($E40,武器奇术!$A:$R,5,FALSE))*(1+VLOOKUP($E40,武器奇术!$A:$S,19,FALSE)+IF($G$5="飞隼",0.1,0)+IF($G$5="撼天",0.05,0))-$F$9+IF($J$5="√",160,0) -> 3081.85 | R40: =IF(VLOOKUP($E40,武器奇术!$A:$Z,18,FALSE)="叶龙",(S40-(Q40+S40)*0.5)*($G$15-0.5)*2+(Q40+S40)*0.5,(Q40+S40)*0.5) -> 3161.85 | S40: =MAX($C$5,$B$5)*(1+VLOOKUP($E40,武器奇术!$A:$R,6,FALSE))*(1+VLOOKUP($E40,武器奇术!$A:$S,19,FALSE)+IF($G$5="飞隼",0.1,0)+IF($G$5="撼天",0.05,0))-$F$9+IF($J$5="√",320,0) -> 3241.85 | T40: =IF(($D$5+VLOOKUP($E40,武器奇术!$A:$R,13,FALSE)+IF($I$3="√",10,0)-VLOOKUP($F$7,目标属性!$A:$R,5,FALSE))>0,($D$5+VLOOKUP($E40,武器奇术!$A:$R,13,FALSE)+IF($I$3="√",10,0)-VLOOKUP($F$7,目标属性!$A:$R,5,FALSE))/200,($D$5+VLOOKUP($E40,武器奇术!$A:$R,13,FALSE)+IF($I$3="√",10,0)-VLOOKUP($F$7,目标属性!$A:$R,5,FALSE))/100) -> 0.2675 | U40: =$E$5+IF($G$5="烟柳",IF(VLOOKUP($E40,武器奇术!$A:$T,20,FALSE)=1,0.1,0),0) -> 0.1 | V40: 1 | W40: =Q40*VLOOKUP($E40,武器奇术!$A:$R,2,FALSE)*(1+T40)*(1+U40)*V40 -> 7302.5295 | X40: =(1-IF(VLOOKUP($E40,武器奇术!$A:$R,18,FALSE)="叶龙",1,$N40))*(1-$M40) -> 0 | Y40: =R40*VLOOKUP($E40,武器奇术!$A:$R,2,FALSE)*(1+T40)*(1+U40)*V40*(1+$E$16+VLOOKUP($E40,武器奇术!$A:$R,8,FALSE)) -> 12316.999 | Z40: =IF($L40+$M40<=100%,$N40*$L40,$N40*(1-$M40)) -> 0.8703 | AA40: =S40*VLOOKUP($E40,武器奇术!$A:$R,2,FALSE)*(1+T40)*(1+U40)*V40*(1+$E$17+VLOOKUP($E40,武器奇术!$A:$R,10,FALSE)) -> 10370.233 | AB40: =$M40 -> 0.0986 | AC40: =R40*VLOOKUP($E40,武器奇术!$A:$R,2,FALSE)*(1+T40)*(1+U40)*V40 -> 7492.0917 | AD40: =MAX((1-X40-Z40-AB40),0) -> 0.0311 | AE40: =W40*X40+Y40*Z40+AA40*AB40+AC40*AD40 -> 11974.993 | AF40: =VLOOKUP($E40,武器奇术!$A:$R,3,FALSE)*(1+IF(VLOOKUP($E40,武器奇术!$A:$R,15,FALSE)="武器",$E$15,0)) -> 510.9 | AG40: =(AF40+AH40)/2 -> 510.9 | AH40: =VLOOKUP($E40,武器奇术!$A:$R,3,FALSE)*(1+IF(VLOOKUP($E40,武器奇术!$A:$R,15,FALSE)="武器",$E$15,0)) -> 510.9 | AI40: =IF(($D$5+VLOOKUP($E40,武器奇术!$A:$R,13,FALSE)+IF($I$3="√",10,0)-VLOOKUP($F$7,目标属性!$A:$R,5,FALSE))>0,($D$5+VLOOKUP($E40,武器奇术!$A:$R,13,FALSE)+IF($I$3="√",10,0)-VLOOKUP($F$7,目标属性!$A:$R,5,FALSE))/200,($D$5+VLOOKUP($E40,武器奇术!$A:$R,13,FALSE)+IF($I$3="√",10,0)-VLOOKUP($F$7,目标属性!$A:$R,5,FALSE))/100) -> 0.2675 | AJ40: =$E$5+IF($G$5="烟柳",IF(VLOOKUP($E40,武器奇术!$A:$T,20,FALSE)=1,0.1,0),0) -> 0.1 | AK40: 1 | AL40: =AF40*(1+AI40)*(1+AJ40)*AK40 -> 712.32232 | AM40: =(1-IF(VLOOKUP($E40,武器奇术!$A:$R,18,FALSE)="叶龙",1,$N40))*(1-$M40) -> 0 | AN40: =AG40*(1+AI40)*(1+AJ40)*AK40*(1+$E$16+VLOOKUP($E40,武器奇术!$A:$R,8,FALSE)) -> 1171.0579 | AO40: =IF($L40+$M40<=100%,$N40*$L40,$N40*(1-$M40)) -> 0.8703 | AP40: =AH40*(1+AI40)*(1+AJ40)*AK40*(1+$E$17+VLOOKUP($E40,武器奇术!$A:$R,10,FALSE)) -> 961.63514 | AQ40: =$M40 -> 0.0986 | AR40: =AG40*(1+AI40)*(1+AJ40)*AK40 -> 712.32232 | AS40: =MAX((1-AM40-AO40-AQ40),0) -> 0.0311 | AT40: =AL40*AM40+AN40*AO40+AP40*AQ40+AR40*AS40 -> 1136.1421 | AU40: =$B$7*IF($G$5="撼天",1.05,1)+IF(AND(VLOOKUP($E40,武器奇术!$A:$R,15,FALSE)="武器",VLOOKUP($E40,武器奇术!$A:$R,17,FALSE)="鸣金"),$E$3*(1+$E$15),0) -> 0 | AV40: =(AU40+AW40)/2 -> 0 | AW40: =MAX($C$7*IF($G$5="撼天",1.05,1)+IF(AND(VLOOKUP($E40,武器奇术!$A:$R,15,FALSE)="武器",VLOOKUP($E40,武器奇术!$A:$R,17,FALSE)="鸣金"),$E$3*(1+$E$15),0),AU40) -> 0 | AX40: =IF(($D$7+IF(VLOOKUP($E40,武器奇术!$A:$R,17,FALSE)="鸣金",$D$15,0)-VLOOKUP($F$7,目标属性!$A:$R,6,FALSE))>0,($D$7+IF(VLOOKUP($E40,武器奇术!$A:$R,17,FALSE)="鸣金",$D$15,0)-VLOOKUP($F$7,目标属性!$A:$R,6,FALSE))/200,($D$7+IF(VLOOKUP($E40,武器奇术!$A:$R,17,FALSE)="鸣金",$D$15,0)-VLOOKUP($F$7,目标属性!$A:$R,6,FALSE))/100) -> -0.24 | AY40: =$E$7 -> 0 | AZ40: 1 | BA40: =AU40*IF(VLOOKUP($E40,武器奇术!$A:$R,17,FALSE)="鸣金",VLOOKUP($E40,武器奇术!$A:$R,4,FALSE),VLOOKUP($E40,武器奇术!$A:$R,2,FALSE))*(1+AX40)*(1+AY40)*AZ40 -> 0 | BB40: =(1-IF(VLOOKUP($E40,武器奇术!$A:$R,18,FALSE)="叶龙",1,$N40))*(1-$M40) -> 0 | BC40: =AV40*IF(VLOOKUP($E40,武器奇术!$A:$R,17,FALSE)="鸣金",VLOOKUP($E40,武器奇术!$A:$R,4,FALSE),VLOOKUP($E40,武器奇术!$A:$R,2,FALSE))*(1+AX40)*(1+AY40)*AZ40*(1+$E$16+VLOOKUP($E40,武器奇术!$A:$R,8,FALSE)) -> 0 | BD40: =IF($L40+$M40<=100%,$N40*$L40,$N40*(1-$M40)) -> 0.8703 | BE40: =AW40*IF(VLOOKUP($E40,武器奇术!$A:$R,17,FALSE)="鸣金",VLOOKUP($E40,武器奇术!$A:$R,4,FALSE),VLOOKUP($E40,武器奇术!$A:$R,2,FALSE))*(1+AX40)*(1+AY40)*AZ40*(1+$E$17+VLOOKUP($E40,武器奇术!$A:$R,10,FALSE)) -> 0 | BF40: =$M40 -> 0.0986 | BG40: =AV40*IF(VLOOKUP($E40,武器奇术!$A:$R,17,FALSE)="鸣金",VLOOKUP($E40,武器奇术!$A:$R,4,FALSE),VLOOKUP($E40,武器奇术!$A:$R,2,FALSE))*(1+AX40)*(1+AY40)*AZ40 -> 0 | BH40: =MAX((1-BB40-BD40-BF40),0) -> 0.0311 | BI40: =BA40*BB40+BC40*BD40+BE40*BF40+BG40*BH40 -> 0 | BJ40: =$B$9*IF($G$5="撼天",1.05,1)+IF(AND(VLOOKUP($E40,武器奇术!$A:$R,15,FALSE)="武器",VLOOKUP($E40,武器奇术!$A:$R,17,FALSE)="裂石"),$E$3*(1+$E$15),0) -> 0 | BK40: =(BJ40+BL40)/2 -> 0 | BL40: =MAX($C$9*IF($G$5="撼天",1.05,1)+IF(AND(VLOOKUP($E40,武器奇术!$A:$R,15,FALSE)="武器",VLOOKUP($E40,武器奇术!$A:$R,17,FALSE)="裂石"),$E$3*(1+$E$15),0),BJ40) -> 0 | BM40: =IF(($D$9+IF(VLOOKUP($E40,武器奇术!$A:$R,17,FALSE)="裂石",$D$15,0)-VLOOKUP($F$7,目标属性!$A:$R,6,FALSE))>0,($D$9+IF(VLOOKUP($E40,武器奇术!$A:$R,17,FALSE)="裂石",$D$15,0)-VLOOKUP($F$7,目标属性!$A:$R,6,FALSE))/200,($D$9+IF(VLOOKUP($E40,武器奇术!$A:$R,17,FALSE)="裂石",$D$15,0)-VLOOKUP($F$7,目标属性!$A:$R,6,FALSE))/100) -> -0.24 | BN40: =$E$9 -> 0 | BO40: 1 | BP40: =BJ40*IF(VLOOKUP($E40,武器奇术!$A:$R,17,FALSE)="裂石",VLOOKUP($E40,武器奇术!$A:$R,4,FALSE),VLOOKUP($E40,武器奇术!$A:$R,2,FALSE))*(1+BM40)*(1+BN40)*BO40 -> 0 | BQ40: =(1-IF(VLOOKUP($E40,武器奇术!$A:$R,18,FALSE)="叶龙",1,$N40))*(1-$M40) -> 0 | BR40: =BK40*IF(VLOOKUP($E40,武器奇术!$A:$R,17,FALSE)="裂石",VLOOKUP($E40,武器奇术!$A:$R,4,FALSE),VLOOKUP($E40,武器奇术!$A:$R,2,FALSE))*(1+BM40)*(1+BN40)*BO40*(1+$E$16+VLOOKUP($E40,武器奇术!$A:$R,8,FALSE)) -> 0 | BS40: =IF($L40+$M40<=100%,$N40*$L40,$N40*(1-$M40)) -> 0.8703 | BT40: =BL40*IF(VLOOKUP($E40,武器奇术!$A:$R,17,FALSE)="裂石",VLOOKUP($E40,武器奇术!$A:$R,4,FALSE),VLOOKUP($E40,武器奇术!$A:$R,2,FALSE))*(1+BM40)*(1+BN40)*BO40*(1+$E$17+VLOOKUP($E40,武器奇术!$A:$R,10,FALSE)) -> 0 | BU40: =$M40 -> 0.0986 | BV40: =BK40*IF(VLOOKUP($E40,武器奇术!$A:$R,17,FALSE)="裂石",VLOOKUP($E40,武器奇术!$A:$R,4,FALSE),VLOOKUP($E40,武器奇术!$A:$R,2,FALSE))*(1+BM40)*(1+BN40)*BO40 -> 0 | BW40: =MAX((1-BQ40-BS40-BU40),0) -> 0.0311 | BX40: =BP40*BQ40+BR40*BS40+BT40*BU40+BV40*BW40 -> 0 | BY40: =$B$11*IF($G$5="撼天",1.05,1)+IF(AND(VLOOKUP($E40,武器奇术!$A:$R,15,FALSE)="武器",VLOOKUP($E40,武器奇术!$A:$R,17,FALSE)="牵丝"),$E$3*(1+$E$15),0) -> 686.71 | BZ40: =IF(VLOOKUP($E40,武器奇术!$A:$Z,18,FALSE)="叶龙",(CA40-(BY40+CA40)*0.5)*($G$15-0.5)*2+(BY40+CA40)*0.5,(BY40+CA40)*0.5) -> 1052.21 | CA40: =MAX($C$11*IF($G$5="撼天",1.05,1)+IF(AND(VLOOKUP($E40,武器奇术!$A:$R,15,FALSE)="武器",VLOOKUP($E40,武器奇术!$A:$R,17,FALSE)="牵丝"),$E$3*(1+$E$15),0),BY40) -> 1417.71 | CB40: =IF(($D$11+IF(VLOOKUP($E40,武器奇术!$A:$R,17,FALSE)="牵丝",$D$15,0)-VLOOKUP($F$7,目标属性!$A:$R,6,FALSE))>0,($D$11+IF(VLOOKUP($E40,武器奇术!$A:$R,17,FALSE)="牵丝",$D$15,0)-VLOOKUP($F$7,目标属性!$A:$R,6,FALSE))/200,($D$11+IF(VLOOKUP($E40,武器奇术!$A:$R,17,FALSE)="牵丝",$D$15,0)-VLOOKUP($F$7,目标属性!$A:$R,6,FALSE))/100) -> 0.028 | CC40: =$E$11+IF($G$5="烟柳",IF(VLOOKUP($E40,武器奇术!$A:$T,20,FALSE)=1,0.1,0),0) -> 0.248 | CD40: 1 | CE40: =BY40*IF(VLOOKUP($E40,武器奇术!$A:$R,17,FALSE)="牵丝",VLOOKUP($E40,武器奇术!$A:$R,4,FALSE),VLOOKUP($E40,武器奇术!$A:$R,2,FALSE))*(1+CB40)*(1+CC40)*CD40 -> 2245.8719 | CF40: =(1-IF(VLOOKUP($E40,武器奇术!$A:$R,18,FALSE)="叶龙",1,$N40))*(1-$M40) -> 0 | CG40: =BZ40*IF(VLOOKUP($E40,武器奇术!$A:$R,17,FALSE)="牵丝",VLOOKUP($E40,武器奇术!$A:$R,4,FALSE),VLOOKUP($E40,武器奇术!$A:$R,2,FALSE))*(1+CB40)*(1+CC40)*CD40*(1+$E$16+VLOOKUP($E40,武器奇术!$A:$R,8,FALSE)) -> 5657.3865 | CH40: =IF($L40+$M40<=100%,$N40*$L40,$N40*(1-$M40)) -> 0.8703 | CI40: =CA40*IF(VLOOKUP($E40,武器奇术!$A:$R,17,FALSE)="牵丝",VLOOKUP($E40,武器奇术!$A:$R,4,FALSE),VLOOKUP($E40,武器奇术!$A:$R,2,FALSE))*(1+CB40)*(1+CC40)*CD40*(1+$E$17+VLOOKUP($E40,武器奇术!$A:$R,10,FALSE)) -> 6259.4011 | CJ40: =$M40 -> 0.0986 | CK40: =BZ40*IF(VLOOKUP($E40,武器奇术!$A:$R,17,FALSE)="牵丝",VLOOKUP($E40,武器奇术!$A:$R,4,FALSE),VLOOKUP($E40,武器奇术!$A:$R,2,FALSE))*(1+CB40)*(1+CC40)*CD40 -> 3441.2326 | CL40: =MAX((1-CF40-CH40-CJ40),0) -> 0.0311 | CM40: =CE40*CF40+CG40*CH40+CI40*CJ40+CK40*CL40 -> 5647.8227 | CN40: =$B$13*IF($G$5="撼天",1.05,1)+IF(AND(VLOOKUP($E40,武器奇术!$A:$R,15,FALSE)="武器",VLOOKUP($E40,武器奇术!$A:$R,17,FALSE)="破竹"),$E$3*(1+$E$15),0) -> 0 | CO40: =(CN40+CP40)/2 -> 0 | CP40: =MAX($C$13*IF($G$5="撼天",1.05,1)+IF(AND(VLOOKUP($E40,武器奇术!$A:$R,15,FALSE)="武器",VLOOKUP($E40,武器奇术!$A:$R,17,FALSE)="破竹"),$E$3*(1+$E$15),0),CN40) -> 0 | CQ40: =IF(($D$13+IF(VLOOKUP($E40,武器奇术!$A:$R,17,FALSE)="破竹",$D$15,0)-VLOOKUP($F$7,目标属性!$A:$R,6,FALSE))>0,($D$13+IF(VLOOKUP($E40,武器奇术!$A:$R,17,FALSE)="破竹",$D$15,0)-VLOOKUP($F$7,目标属性!$A:$R,6,FALSE))/200,($D$13+IF(VLOOKUP($E40,武器奇术!$A:$R,17,FALSE)="破竹",$D$15,0)-VLOOKUP($F$7,目标属性!$A:$R,6,FALSE))/100) -> -0.24 | CR40: =$E$13 -> 0 | CS40: 1 | CT40: =CN40*IF(VLOOKUP($E40,武器奇术!$A:$R,17,FALSE)="破竹",VLOOKUP($E40,武器奇术!$A:$R,4,FALSE),VLOOKUP($E40,武器奇术!$A:$R,2,FALSE))*(1+CQ40)*(1+CR40)*CS40 -> 0 | CU40: =(1-IF(VLOOKUP($E40,武器奇术!$A:$R,18,FALSE)="叶龙",1,$N40))*(1-$M40) -> 0 | CV40: =CO40*IF(VLOOKUP($E40,武器奇术!$A:$R,17,FALSE)="破竹",VLOOKUP($E40,武器奇术!$A:$R,4,FALSE),VLOOKUP($E40,武器奇术!$A:$R,2,FALSE))*(1+CQ40)*(1+CR40)*CS40*(1+$E$16+VLOOKUP($E40,武器奇术!$A:$R,8,FALSE)) -> 0 | CW40: =IF($L40+$M40<=100%,$N40*$L40,$N40*(1-$M40)) -> 0.8703 | CX40: =CP40*IF(VLOOKUP($E40,武器奇术!$A:$R,17,FALSE)="破竹",VLOOKUP($E40,武器奇术!$A:$R,4,FALSE),VLOOKUP($E40,武器奇术!$A:$R,2,FALSE))*(1+CQ40)*(1+CR40)*CS40*(1+$E$17+VLOOKUP($E40,武器奇术!$A:$R,10,FALSE)) -> 0 | CY40: =$M40 -> 0.0986 | CZ40: =CO40*IF(VLOOKUP($E40,武器奇术!$A:$R,17,FALSE)="破竹",VLOOKUP($E40,武器奇术!$A:$R,4,FALSE),VLOOKUP($E40,武器奇术!$A:$R,2,FALSE))*(1+CQ40)*(1+CR40)*CS40 -> 0 | DA40: =MAX((1-CU40-CW40-CY40),0) -> 0.0311 | DB40: =CT40*CU40+CV40*CW40+CX40*CY40+CZ40*DA40 -> 0 | DC40: =$B$15*IF($G$5="撼天",1.05,1) -> 66 | DD40: =(DC40+DE40)/2 -> 125.8 | DE40: =$C$15*IF($G$5="撼天",1.05,1) -> 185.6 | DF40: =IF((IF(VLOOKUP($E40,武器奇术!$A:$R,17,FALSE)="鸣金",$D$7,0)+IF(VLOOKUP($E40,武器奇术!$A:$R,17,FALSE)="裂石",$D$9,0)+IF(VLOOKUP($E40,武器奇术!$A:$R,17,FALSE)="牵丝",$D$11,0)+IF(VLOOKUP($E40,武器奇术!$A:$R,17,FALSE)="破竹",$D$13,0)+$D$15-VLOOKUP($F$7,目标属性!$A:$R,6,FALSE))>0,(IF(VLOOKUP($E40,武器奇术!$A:$R,17,FALSE)="鸣金",$D$7,0)+IF(VLOOKUP($E40,武器奇术!$A:$R,17,FALSE)="裂石",$D$9,0)+IF(VLOOKUP($E40,武器奇术!$A:$R,17,FALSE)="牵丝",$D$11,0)+IF(VLOOKUP($E40,武器奇术!$A:$R,17,FALSE)="破竹",$D$13,0)+$D$15-VLOOKUP($F$7,目标属性!$A:$R,6,FALSE))/200,(IF(VLOOKUP($E40,武器奇术!$A:$R,17,FALSE)="鸣金",$D$7,0)+IF(VLOOKUP($E40,武器奇术!$A:$R,17,FALSE)="裂石",$D$9,0)+IF(VLOOKUP($E40,武器奇术!$A:$R,17,FALSE)="牵丝",$D$11,0)+IF(VLOOKUP($E40,武器奇术!$A:$R,17,FALSE)="破竹",$D$13,0)+$D$15-VLOOKUP($F$7,目标属性!$A:$R,6,FALSE))/100) -> 0.028 | DG40: =$E$11+IF($G$5="烟柳",IF(VLOOKUP($E40,武器奇术!$A:$T,20,FALSE)=1,0.1,0),0) -> 0.248 | DH40: 1 | DI40: =DC40*IF(VLOOKUP($E40,武器奇术!$A:$R,17,FALSE)="牵丝",VLOOKUP($E40,武器奇术!$A:$R,4,FALSE),VLOOKUP($E40,武器奇术!$A:$R,2,FALSE))*(1+DF40)*(1+DG40)*DH40 -> 215.85174 | DJ40: =(1-IF(VLOOKUP($E40,武器奇术!$A:$R,18,FALSE)="叶龙",1,$N40))*(1-$M40) -> 0 | DK40: =DD40*IF(VLOOKUP($E40,武器奇术!$A:$R,17,FALSE)="牵丝",VLOOKUP($E40,武器奇术!$A:$R,4,FALSE),VLOOKUP($E40,武器奇术!$A:$R,2,FALSE))*(1+DF40)*(1+DG40)*DH40*(1+$E$16+VLOOKUP($E40,武器奇术!$A:$R,8,FALSE)) -> 676.38515 | DL40: =IF($L40+$M40<=100%,$N40*$L40,$N40*(1-$M40)) -> 0.8703 | DM40: =DE40*IF(VLOOKUP($E40,武器奇术!$A:$R,17,FALSE)="牵丝",VLOOKUP($E40,武器奇术!$A:$R,4,FALSE),VLOOKUP($E40,武器奇术!$A:$R,2,FALSE))*(1+DF40)*(1+DG40)*DH40*(1+$E$17+VLOOKUP($E40,武器奇术!$A:$R,10,FALSE)) -> 819.45168 | DN40: =$M40 -> 0.0986 | DO40: =DD40*IF(VLOOKUP($E40,武器奇术!$A:$R,17,FALSE)="牵丝",VLOOKUP($E40,武器奇术!$A:$R,4,FALSE),VLOOKUP($E40,武器奇术!$A:$R,2,FALSE))*(1+DF40)*(1+DG40)*DH40 -> 411.42649 | DP40: =MAX((1-DJ40-DL40-DN40),0) -> 0.0311 | DQ40: =DI40*DJ40+DK40*DL40+DM40*DN40+DO40*DP40 -> 682.2513
E41: 丢伞(小纵) | F41: 1 | H41: =IF(VLOOKUP($E41,武器奇术!$A:$R,18,FALSE)="天工",AE41,(AE41+AT41+BI41+BX41+CM41+DB41+DQ41))*(1+J41)*F41*K41*(1+G41) -> 8738.1484 | I41: =H41/$C$30 -> 0.0010070712 | J41: =$F$3+VLOOKUP($E41,武器奇术!$A:$R,12,FALSE)+VLOOKUP($E41,武器奇术!$A:$R,14,FALSE)*$G$3+$P41+IF($F$21="√",5%,0) -> 0.553 | K41: =VLOOKUP($E41,武器奇术!$A:$R,11,FALSE) -> 1 | L41: =IF(VLOOKUP($E41,武器奇术!$A:$R,15,FALSE)="天工",0%,IF($C$17+VLOOKUP($E41,武器奇术!$A:$R,7,FALSE)>80%,80%,$C$17+VLOOKUP($E41,武器奇术!$A:$R,7,FALSE))+IF($C$19>20%,20%,$C$19)) -> 0.8703 | M41: =IF(VLOOKUP($E41,武器奇术!$A:$R,15,FALSE)="天工",0%,IF($C$18+VLOOKUP($E41,武器奇术!$A:$R,9,FALSE)>40%,40%,$C$18+VLOOKUP($E41,武器奇术!$A:$R,9,FALSE))+IF($C$20>10%,10%,$C$20)) -> 0.0986 | N41: =IF(VLOOKUP($E41,武器奇术!$A:$R,15,FALSE)="天工",100%,MIN($C$16,1)) -> 1 | O41: =VLOOKUP($E41,武器奇术!$A:$R,16,FALSE) -> 伞 | P41: =VLOOKUP($O41,$B$22:$C$27,2,FALSE)+IF(OR($O41="伞",$O41="扇"),$C$24,0) -> 0.17 | Q41: =$B$5*(1+VLOOKUP($E41,武器奇术!$A:$R,5,FALSE))*(1+VLOOKUP($E41,武器奇术!$A:$S,19,FALSE)+IF($G$5="飞隼",0.1,0)+IF($G$5="撼天",0.05,0))-$F$9+IF($J$5="√",160,0) -> 3081.85 | R41: =IF(VLOOKUP($E41,武器奇术!$A:$Z,18,FALSE)="叶龙",(S41-(Q41+S41)*0.5)*($G$15-0.5)*2+(Q41+S41)*0.5,(Q41+S41)*0.5) -> 3161.85 | S41: =MAX($C$5,$B$5)*(1+VLOOKUP($E41,武器奇术!$A:$R,6,FALSE))*(1+VLOOKUP($E41,武器奇术!$A:$S,19,FALSE)+IF($G$5="飞隼",0.1,0)+IF($G$5="撼天",0.05,0))-$F$9+IF($J$5="√",320,0) -> 3241.85 | T41: =IF(($D$5+VLOOKUP($E41,武器奇术!$A:$R,13,FALSE)+IF($I$3="√",10,0)-VLOOKUP($F$7,目标属性!$A:$R,5,FALSE))>0,($D$5+VLOOKUP($E41,武器奇术!$A:$R,13,FALSE)+IF($I$3="√",10,0)-VLOOKUP($F$7,目标属性!$A:$R,5,FALSE))/200,($D$5+VLOOKUP($E41,武器奇术!$A:$R,13,FALSE)+IF($I$3="√",10,0)-VLOOKUP($F$7,目标属性!$A:$R,5,FALSE))/100) -> 0.2675 | U41: =$E$5+IF($G$5="烟柳",IF(VLOOKUP($E41,武器奇术!$A:$T,20,FALSE)=1,0.1,0),0) -> 0 | V41: 1 | W41: =Q41*VLOOKUP($E41,武器奇术!$A:$R,2,FALSE)*(1+T41)*(1+U41)*V41 -> 2105.466 | X41: =(1-IF(VLOOKUP($E41,武器奇术!$A:$R,18,FALSE)="叶龙",1,$N41))*(1-$M41) -> 0 | Y41: =R41*VLOOKUP($E41,武器奇术!$A:$R,2,FALSE)*(1+T41)*(1+U41)*V41*(1+$E$16+VLOOKUP($E41,武器奇术!$A:$R,8,FALSE)) -> 3551.2382 | Z41: =IF($L41+$M41<=100%,$N41*$L41,$N41*(1-$M41)) -> 0.8703 | AA41: =S41*VLOOKUP($E41,武器奇术!$A:$R,2,FALSE)*(1+T41)*(1+U41)*V41*(1+$E$17+VLOOKUP($E41,武器奇术!$A:$R,10,FALSE)) -> 2989.9465 | AB41: =$M41 -> 0.0986 | AC41: =R41*VLOOKUP($E41,武器奇术!$A:$R,2,FALSE)*(1+T41)*(1+U41)*V41 -> 2160.1206 | AD41: =MAX((1-X41-Z41-AB41),0) -> 0.0311 | AE41: =W41*X41+Y41*Z41+AA41*AB41+AC41*AD41 -> 3452.6311 | AF41: =VLOOKUP($E41,武器奇术!$A:$R,3,FALSE)*(1+IF(VLOOKUP($E41,武器奇术!$A:$R,15,FALSE)="武器",$E$15,0)) -> 161.8617 | AG41: =(AF41+AH41)/2 -> 161.8617 | AH41: =VLOOKUP($E41,武器奇术!$A:$R,3,FALSE)*(1+IF(VLOOKUP($E41,武器奇术!$A:$R,15,FALSE)="武器",$E$15,0)) -> 161.8617 | AI41: =IF(($D$5+VLOOKUP($E41,武器奇术!$A:$R,13,FALSE)+IF($I$3="√",10,0)-VLOOKUP($F$7,目标属性!$A:$R,5,FALSE))>0,($D$5+VLOOKUP($E41,武器奇术!$A:$R,13,FALSE)+IF($I$3="√",10,0)-VLOOKUP($F$7,目标属性!$A:$R,5,FALSE))/200,($D$5+VLOOKUP($E41,武器奇术!$A:$R,13,FALSE)+IF($I$3="√",10,0)-VLOOKUP($F$7,目标属性!$A:$R,5,FALSE))/100) -> 0.2675 | AJ41: =$E$5+IF($G$5="烟柳",IF(VLOOKUP($E41,武器奇术!$A:$T,20,FALSE)=1,0.1,0),0) -> 0 | AK41: 1 | AL41: =AF41*(1+AI41)*(1+AJ41)*AK41 -> 205.1597 | AM41: =(1-IF(VLOOKUP($E41,武器奇术!$A:$R,18,FALSE)="叶龙",1,$N41))*(1-$M41) -> 0 | AN41: =AG41*(1+AI41)*(1+AJ41)*AK41*(1+$E$16+VLOOKUP($E41,武器奇术!$A:$R,8,FALSE)) -> 337.28255 | AO41: =IF($L41+$M41<=100%,$N41*$L41,$N41*(1-$M41)) -> 0.8703 | AP41: =AH41*(1+AI41)*(1+AJ41)*AK41*(1+$E$17+VLOOKUP($E41,武器奇术!$A:$R,10,FALSE)) -> 276.9656 | AQ41: =$M41 -> 0.0986 | AR41: =AG41*(1+AI41)*(1+AJ41)*AK41 -> 205.1597 | AS41: =MAX((1-AM41-AO41-AQ41),0) -> 0.0311 | AT41: =AL41*AM41+AN41*AO41+AP41*AQ41+AR41*AS41 -> 327.22628 | AU41: =$B$7*IF($G$5="撼天",1.05,1)+IF(AND(VLOOKUP($E41,武器奇术!$A:$R,15,FALSE)="武器",VLOOKUP($E41,武器奇术!$A:$R,17,FALSE)="鸣金"),$E$3*(1+$E$15),0) -> 0 | AV41: =(AU41+AW41)/2 -> 0 | AW41: =MAX($C$7*IF($G$5="撼天",1.05,1)+IF(AND(VLOOKUP($E41,武器奇术!$A:$R,15,FALSE)="武器",VLOOKUP($E41,武器奇术!$A:$R,17,FALSE)="鸣金"),$E$3*(1+$E$15),0),AU41) -> 0 | AX41: =IF(($D$7+IF(VLOOKUP($E41,武器奇术!$A:$R,17,FALSE)="鸣金",$D$15,0)-VLOOKUP($F$7,目标属性!$A:$R,6,FALSE))>0,($D$7+IF(VLOOKUP($E41,武器奇术!$A:$R,17,FALSE)="鸣金",$D$15,0)-VLOOKUP($F$7,目标属性!$A:$R,6,FALSE))/200,($D$7+IF(VLOOKUP($E41,武器奇术!$A:$R,17,FALSE)="鸣金",$D$15,0)-VLOOKUP($F$7,目标属性!$A:$R,6,FALSE))/100) -> -0.24 | AY41: =$E$7 -> 0 | AZ41: 1 | BA41: =AU41*IF(VLOOKUP($E41,武器奇术!$A:$R,17,FALSE)="鸣金",VLOOKUP($E41,武器奇术!$A:$R,4,FALSE),VLOOKUP($E41,武器奇术!$A:$R,2,FALSE))*(1+AX41)*(1+AY41)*AZ41 -> 0 | BB41: =(1-IF(VLOOKUP($E41,武器奇术!$A:$R,18,FALSE)="叶龙",1,$N41))*(1-$M41) -> 0 | BC41: =AV41*IF(VLOOKUP($E41,武器奇术!$A:$R,17,FALSE)="鸣金",VLOOKUP($E41,武器奇术!$A:$R,4,FALSE),VLOOKUP($E41,武器奇术!$A:$R,2,FALSE))*(1+AX41)*(1+AY41)*AZ41*(1+$E$16+VLOOKUP($E41,武器奇术!$A:$R,8,FALSE)) -> 0 | BD41: =IF($L41+$M41<=100%,$N41*$L41,$N41*(1-$M41)) -> 0.8703 | BE41: =AW41*IF(VLOOKUP($E41,武器奇术!$A:$R,17,FALSE)="鸣金",VLOOKUP($E41,武器奇术!$A:$R,4,FALSE),VLOOKUP($E41,武器奇术!$A:$R,2,FALSE))*(1+AX41)*(1+AY41)*AZ41*(1+$E$17+VLOOKUP($E41,武器奇术!$A:$R,10,FALSE)) -> 0 | BF41: =$M41 -> 0.0986 | BG41: =AV41*IF(VLOOKUP($E41,武器奇术!$A:$R,17,FALSE)="鸣金",VLOOKUP($E41,武器奇术!$A:$R,4,FALSE),VLOOKUP($E41,武器奇术!$A:$R,2,FALSE))*(1+AX41)*(1+AY41)*AZ41 -> 0 | BH41: =MAX((1-BB41-BD41-BF41),0) -> 0.0311 | BI41: =BA41*BB41+BC41*BD41+BE41*BF41+BG41*BH41 -> 0 | BJ41: =$B$9*IF($G$5="撼天",1.05,1)+IF(AND(VLOOKUP($E41,武器奇术!$A:$R,15,FALSE)="武器",VLOOKUP($E41,武器奇术!$A:$R,17,FALSE)="裂石"),$E$3*(1+$E$15),0) -> 0 | BK41: =(BJ41+BL41)/2 -> 0 | BL41: =MAX($C$9*IF($G$5="撼天",1.05,1)+IF(AND(VLOOKUP($E41,武器奇术!$A:$R,15,FALSE)="武器",VLOOKUP($E41,武器奇术!$A:$R,17,FALSE)="裂石"),$E$3*(1+$E$15),0),BJ41) -> 0 | BM41: =IF(($D$9+IF(VLOOKUP($E41,武器奇术!$A:$R,17,FALSE)="裂石",$D$15,0)-VLOOKUP($F$7,目标属性!$A:$R,6,FALSE))>0,($D$9+IF(VLOOKUP($E41,武器奇术!$A:$R,17,FALSE)="裂石",$D$15,0)-VLOOKUP($F$7,目标属性!$A:$R,6,FALSE))/200,($D$9+IF(VLOOKUP($E41,武器奇术!$A:$R,17,FALSE)="裂石",$D$15,0)-VLOOKUP($F$7,目标属性!$A:$R,6,FALSE))/100) -> -0.24 | BN41: =$E$9 -> 0 | BO41: 1 | BP41: =BJ41*IF(VLOOKUP($E41,武器奇术!$A:$R,17,FALSE)="裂石",VLOOKUP($E41,武器奇术!$A:$R,4,FALSE),VLOOKUP($E41,武器奇术!$A:$R,2,FALSE))*(1+BM41)*(1+BN41)*BO41 -> 0 | BQ41: =(1-IF(VLOOKUP($E41,武器奇术!$A:$R,18,FALSE)="叶龙",1,$N41))*(1-$M41) -> 0 | BR41: =BK41*IF(VLOOKUP($E41,武器奇术!$A:$R,17,FALSE)="裂石",VLOOKUP($E41,武器奇术!$A:$R,4,FALSE),VLOOKUP($E41,武器奇术!$A:$R,2,FALSE))*(1+BM41)*(1+BN41)*BO41*(1+$E$16+VLOOKUP($E41,武器奇术!$A:$R,8,FALSE)) -> 0 | BS41: =IF($L41+$M41<=100%,$N41*$L41,$N41*(1-$M41)) -> 0.8703 | BT41: =BL41*IF(VLOOKUP($E41,武器奇术!$A:$R,17,FALSE)="裂石",VLOOKUP($E41,武器奇术!$A:$R,4,FALSE),VLOOKUP($E41,武器奇术!$A:$R,2,FALSE))*(1+BM41)*(1+BN41)*BO41*(1+$E$17+VLOOKUP($E41,武器奇术!$A:$R,10,FALSE)) -> 0 | BU41: =$M41 -> 0.0986 | BV41: =BK41*IF(VLOOKUP($E41,武器奇术!$A:$R,17,FALSE)="裂石",VLOOKUP($E41,武器奇术!$A:$R,4,FALSE),VLOOKUP($E41,武器奇术!$A:$R,2,FALSE))*(1+BM41)*(1+BN41)*BO41 -> 0 | BW41: =MAX((1-BQ41-BS41-BU41),0) -> 0.0311 | BX41: =BP41*BQ41+BR41*BS41+BT41*BU41+BV41*BW41 -> 0 | BY41: =$B$11*IF($G$5="撼天",1.05,1)+IF(AND(VLOOKUP($E41,武器奇术!$A:$R,15,FALSE)="武器",VLOOKUP($E41,武器奇术!$A:$R,17,FALSE)="牵丝"),$E$3*(1+$E$15),0) -> 686.71 | BZ41: =IF(VLOOKUP($E41,武器奇术!$A:$Z,18,FALSE)="叶龙",(CA41-(BY41+CA41)*0.5)*($G$15-0.5)*2+(BY41+CA41)*0.5,(BY41+CA41)*0.5) -> 1052.21 | CA41: =MAX($C$11*IF($G$5="撼天",1.05,1)+IF(AND(VLOOKUP($E41,武器奇术!$A:$R,15,FALSE)="武器",VLOOKUP($E41,武器奇术!$A:$R,17,FALSE)="牵丝"),$E$3*(1+$E$15),0),BY41) -> 1417.71 | CB41: =IF(($D$11+IF(VLOOKUP($E41,武器奇术!$A:$R,17,FALSE)="牵丝",$D$15,0)-VLOOKUP($F$7,目标属性!$A:$R,6,FALSE))>0,($D$11+IF(VLOOKUP($E41,武器奇术!$A:$R,17,FALSE)="牵丝",$D$15,0)-VLOOKUP($F$7,目标属性!$A:$R,6,FALSE))/200,($D$11+IF(VLOOKUP($E41,武器奇术!$A:$R,17,FALSE)="牵丝",$D$15,0)-VLOOKUP($F$7,目标属性!$A:$R,6,FALSE))/100) -> 0.028 | CC41: =$E$11+IF($G$5="烟柳",IF(VLOOKUP($E41,武器奇术!$A:$T,20,FALSE)=1,0.1,0),0) -> 0.148 | CD41: 1 | CE41: =BY41*IF(VLOOKUP($E41,武器奇术!$A:$R,17,FALSE)="牵丝",VLOOKUP($E41,武器奇术!$A:$R,4,FALSE),VLOOKUP($E41,武器奇术!$A:$R,2,FALSE))*(1+CB41)*(1+CC41)*CD41 -> 655.22189 | CF41: =(1-IF(VLOOKUP($E41,武器奇术!$A:$R,18,FALSE)="叶龙",1,$N41))*(1-$M41) -> 0 | CG41: =BZ41*IF(VLOOKUP($E41,武器奇术!$A:$R,17,FALSE)="牵丝",VLOOKUP($E41,武器奇术!$A:$R,4,FALSE),VLOOKUP($E41,武器奇术!$A:$R,2,FALSE))*(1+CB41)*(1+CC41)*CD41*(1+$E$16+VLOOKUP($E41,武器奇术!$A:$R,8,FALSE)) -> 1650.5142 | CH41: =IF($L41+$M41<=100%,$N41*$L41,$N41*(1-$M41)) -> 0.8703 | CI41: =CA41*IF(VLOOKUP($E41,武器奇术!$A:$R,17,FALSE)="牵丝",VLOOKUP($E41,武器奇术!$A:$R,4,FALSE),VLOOKUP($E41,武器奇术!$A:$R,2,FALSE))*(1+CB41)*(1+CC41)*CD41*(1+$E$17+VLOOKUP($E41,武器奇术!$A:$R,10,FALSE)) -> 1826.149 | CJ41: =$M41 -> 0.0986 | CK41: =BZ41*IF(VLOOKUP($E41,武器奇术!$A:$R,17,FALSE)="牵丝",VLOOKUP($E41,武器奇术!$A:$R,4,FALSE),VLOOKUP($E41,武器奇术!$A:$R,2,FALSE))*(1+CB41)*(1+CC41)*CD41 -> 1003.9624 | CL41: =MAX((1-CF41-CH41-CJ41),0) -> 0.0311 | CM41: =CE41*CF41+CG41*CH41+CI41*CJ41+CK41*CL41 -> 1647.724 | CN41: =$B$13*IF($G$5="撼天",1.05,1)+IF(AND(VLOOKUP($E41,武器奇术!$A:$R,15,FALSE)="武器",VLOOKUP($E41,武器奇术!$A:$R,17,FALSE)="破竹"),$E$3*(1+$E$15),0) -> 0 | CO41: =(CN41+CP41)/2 -> 0 | CP41: =MAX($C$13*IF($G$5="撼天",1.05,1)+IF(AND(VLOOKUP($E41,武器奇术!$A:$R,15,FALSE)="武器",VLOOKUP($E41,武器奇术!$A:$R,17,FALSE)="破竹"),$E$3*(1+$E$15),0),CN41) -> 0 | CQ41: =IF(($D$13+IF(VLOOKUP($E41,武器奇术!$A:$R,17,FALSE)="破竹",$D$15,0)-VLOOKUP($F$7,目标属性!$A:$R,6,FALSE))>0,($D$13+IF(VLOOKUP($E41,武器奇术!$A:$R,17,FALSE)="破竹",$D$15,0)-VLOOKUP($F$7,目标属性!$A:$R,6,FALSE))/200,($D$13+IF(VLOOKUP($E41,武器奇术!$A:$R,17,FALSE)="破竹",$D$15,0)-VLOOKUP($F$7,目标属性!$A:$R,6,FALSE))/100) -> -0.24 | CR41: =$E$13 -> 0 | CS41: 1 | CT41: =CN41*IF(VLOOKUP($E41,武器奇术!$A:$R,17,FALSE)="破竹",VLOOKUP($E41,武器奇术!$A:$R,4,FALSE),VLOOKUP($E41,武器奇术!$A:$R,2,FALSE))*(1+CQ41)*(1+CR41)*CS41 -> 0 | CU41: =(1-IF(VLOOKUP($E41,武器奇术!$A:$R,18,FALSE)="叶龙",1,$N41))*(1-$M41) -> 0 | CV41: =CO41*IF(VLOOKUP($E41,武器奇术!$A:$R,17,FALSE)="破竹",VLOOKUP($E41,武器奇术!$A:$R,4,FALSE),VLOOKUP($E41,武器奇术!$A:$R,2,FALSE))*(1+CQ41)*(1+CR41)*CS41*(1+$E$16+VLOOKUP($E41,武器奇术!$A:$R,8,FALSE)) -> 0 | CW41: =IF($L41+$M41<=100%,$N41*$L41,$N41*(1-$M41)) -> 0.8703 | CX41: =CP41*IF(VLOOKUP($E41,武器奇术!$A:$R,17,FALSE)="破竹",VLOOKUP($E41,武器奇术!$A:$R,4,FALSE),VLOOKUP($E41,武器奇术!$A:$R,2,FALSE))*(1+CQ41)*(1+CR41)*CS41*(1+$E$17+VLOOKUP($E41,武器奇术!$A:$R,10,FALSE)) -> 0 | CY41: =$M41 -> 0.0986 | CZ41: =CO41*IF(VLOOKUP($E41,武器奇术!$A:$R,17,FALSE)="破竹",VLOOKUP($E41,武器奇术!$A:$R,4,FALSE),VLOOKUP($E41,武器奇术!$A:$R,2,FALSE))*(1+CQ41)*(1+CR41)*CS41 -> 0 | DA41: =MAX((1-CU41-CW41-CY41),0) -> 0.0311 | DB41: =CT41*CU41+CV41*CW41+CX41*CY41+CZ41*DA41 -> 0 | DC41: =$B$15*IF($G$5="撼天",1.05,1) -> 66 | DD41: =(DC41+DE41)/2 -> 125.8 | DE41: =$C$15*IF($G$5="撼天",1.05,1) -> 185.6 | DF41: =IF((IF(VLOOKUP($E41,武器奇术!$A:$R,17,FALSE)="鸣金",$D$7,0)+IF(VLOOKUP($E41,武器奇术!$A:$R,17,FALSE)="裂石",$D$9,0)+IF(VLOOKUP($E41,武器奇术!$A:$R,17,FALSE)="牵丝",$D$11,0)+IF(VLOOKUP($E41,武器奇术!$A:$R,17,FALSE)="破竹",$D$13,0)+$D$15-VLOOKUP($F$7,目标属性!$A:$R,6,FALSE))>0,(IF(VLOOKUP($E41,武器奇术!$A:$R,17,FALSE)="鸣金",$D$7,0)+IF(VLOOKUP($E41,武器奇术!$A:$R,17,FALSE)="裂石",$D$9,0)+IF(VLOOKUP($E41,武器奇术!$A:$R,17,FALSE)="牵丝",$D$11,0)+IF(VLOOKUP($E41,武器奇术!$A:$R,17,FALSE)="破竹",$D$13,0)+$D$15-VLOOKUP($F$7,目标属性!$A:$R,6,FALSE))/200,(IF(VLOOKUP($E41,武器奇术!$A:$R,17,FALSE)="鸣金",$D$7,0)+IF(VLOOKUP($E41,武器奇术!$A:$R,17,FALSE)="裂石",$D$9,0)+IF(VLOOKUP($E41,武器奇术!$A:$R,17,FALSE)="牵丝",$D$11,0)+IF(VLOOKUP($E41,武器奇术!$A:$R,17,FALSE)="破竹",$D$13,0)+$D$15-VLOOKUP($F$7,目标属性!$A:$R,6,FALSE))/100) -> 0.028 | DG41: =$E$11+IF($G$5="烟柳",IF(VLOOKUP($E41,武器奇术!$A:$T,20,FALSE)=1,0.1,0),0) -> 0.148 | DH41: 1 | DI41: =DC41*IF(VLOOKUP($E41,武器奇术!$A:$R,17,FALSE)="牵丝",VLOOKUP($E41,武器奇术!$A:$R,4,FALSE),VLOOKUP($E41,武器奇术!$A:$R,2,FALSE))*(1+DF41)*(1+DG41)*DH41 -> 62.973664 | DJ41: =(1-IF(VLOOKUP($E41,武器奇术!$A:$R,18,FALSE)="叶龙",1,$N41))*(1-$M41) -> 0 | DK41: =DD41*IF(VLOOKUP($E41,武器奇术!$A:$R,17,FALSE)="牵丝",VLOOKUP($E41,武器奇术!$A:$R,4,FALSE),VLOOKUP($E41,武器奇术!$A:$R,2,FALSE))*(1+DF41)*(1+DG41)*DH41*(1+$E$16+VLOOKUP($E41,武器奇术!$A:$R,8,FALSE)) -> 197.33198 | DL41: =IF($L41+$M41<=100%,$N41*$L41,$N41*(1-$M41)) -> 0.8703 | DM41: =DE41*IF(VLOOKUP($E41,武器奇术!$A:$R,17,FALSE)="牵丝",VLOOKUP($E41,武器奇术!$A:$R,4,FALSE),VLOOKUP($E41,武器奇术!$A:$R,2,FALSE))*(1+DF41)*(1+DG41)*DH41*(1+$E$17+VLOOKUP($E41,武器奇术!$A:$R,10,FALSE)) -> 239.07093 | DN41: =$M41 -> 0.0986 | DO41: =DD41*IF(VLOOKUP($E41,武器奇术!$A:$R,17,FALSE)="牵丝",VLOOKUP($E41,武器奇术!$A:$R,4,FALSE),VLOOKUP($E41,武器奇术!$A:$R,2,FALSE))*(1+DF41)*(1+DG41)*DH41 -> 120.03162 | DP41: =MAX((1-DJ41-DL41-DN41),0) -> 0.0311 | DQ41: =DI41*DJ41+DK41*DL41+DM41*DN41+DO41*DP41 -> 199.0434
E42: 扇左蓄(风墙3惊春小纵) | F42: 1 | H42: =IF(VLOOKUP($E42,武器奇术!$A:$R,18,FALSE)="天工",AE42,(AE42+AT42+BI42+BX42+CM42+DB42+DQ42))*(1+J42)*F42*K42*(1+G42) -> 75681.323 | I42: =H42/$C$30 -> 0.0087222692 | J42: =$F$3+VLOOKUP($E42,武器奇术!$A:$R,12,FALSE)+VLOOKUP($E42,武器奇术!$A:$R,14,FALSE)*$G$3+$P42+IF($F$21="√",5%,0) -> 0.957 | K42: =VLOOKUP($E42,武器奇术!$A:$R,11,FALSE) -> 1 | L42: =IF(VLOOKUP($E42,武器奇术!$A:$R,15,FALSE)="天工",0%,IF($C$17+VLOOKUP($E42,武器奇术!$A:$R,7,FALSE)>80%,80%,$C$17+VLOOKUP($E42,武器奇术!$A:$R,7,FALSE))+IF($C$19>20%,20%,$C$19)) -> 0.8703 | M42: =IF(VLOOKUP($E42,武器奇术!$A:$R,15,FALSE)="天工",0%,IF($C$18+VLOOKUP($E42,武器奇术!$A:$R,9,FALSE)>40%,40%,$C$18+VLOOKUP($E42,武器奇术!$A:$R,9,FALSE))+IF($C$20>10%,10%,$C$20)) -> 0.0986 | N42: =IF(VLOOKUP($E42,武器奇术!$A:$R,15,FALSE)="天工",100%,MIN($C$16,1)) -> 1 | O42: =VLOOKUP($E42,武器奇术!$A:$R,16,FALSE) -> 扇 | P42: =VLOOKUP($O42,$B$22:$C$27,2,FALSE)+IF(OR($O42="伞",$O42="扇"),$C$24,0) -> 0.084 | Q42: =$B$5*(1+VLOOKUP($E42,武器奇术!$A:$R,5,FALSE))*(1+VLOOKUP($E42,武器奇术!$A:$S,19,FALSE)+IF($G$5="飞隼",0.1,0)+IF($G$5="撼天",0.05,0))-$F$9+IF($J$5="√",160,0) -> 3081.85 | R42: =IF(VLOOKUP($E42,武器奇术!$A:$Z,18,FALSE)="叶龙",(S42-(Q42+S42)*0.5)*($G$15-0.5)*2+(Q42+S42)*0.5,(Q42+S42)*0.5) -> 3161.85 | S42: =MAX($C$5,$B$5)*(1+VLOOKUP($E42,武器奇术!$A:$R,6,FALSE))*(1+VLOOKUP($E42,武器奇术!$A:$S,19,FALSE)+IF($G$5="飞隼",0.1,0)+IF($G$5="撼天",0.05,0))-$F$9+IF($J$5="√",320,0) -> 3241.85 | T42: =IF(($D$5+VLOOKUP($E42,武器奇术!$A:$R,13,FALSE)+IF($I$3="√",10,0)-VLOOKUP($F$7,目标属性!$A:$R,5,FALSE))>0,($D$5+VLOOKUP($E42,武器奇术!$A:$R,13,FALSE)+IF($I$3="√",10,0)-VLOOKUP($F$7,目标属性!$A:$R,5,FALSE))/200,($D$5+VLOOKUP($E42,武器奇术!$A:$R,13,FALSE)+IF($I$3="√",10,0)-VLOOKUP($F$7,目标属性!$A:$R,5,FALSE))/100) -> 0.2925 | U42: =$E$5+IF($G$5="烟柳",IF(VLOOKUP($E42,武器奇术!$A:$T,20,FALSE)=1,0.1,0),0) -> 0.1 | V42: 1 | W42: =Q42*VLOOKUP($E42,武器奇术!$A:$R,2,FALSE)*(1+T42)*(1+U42)*V42 -> 12099.318 | X42: =(1-IF(VLOOKUP($E42,武器奇术!$A:$R,18,FALSE)="叶龙",1,$N42))*(1-$M42) -> 0 | Y42: =R42*VLOOKUP($E42,武器奇术!$A:$R,2,FALSE)*(1+T42)*(1+U42)*V42*(1+$E$16+VLOOKUP($E42,武器奇术!$A:$R,8,FALSE)) -> 24876.449 | Z42: =IF($L42+$M42<=100%,$N42*$L42,$N42*(1-$M42)) -> 0.8703 | AA42: =S42*VLOOKUP($E42,武器奇术!$A:$R,2,FALSE)*(1+T42)*(1+U42)*V42*(1+$E$17+VLOOKUP($E42,武器奇术!$A:$R,10,FALSE)) -> 17182.094 | AB42: =$M42 -> 0.0986 | AC42: =R42*VLOOKUP($E42,武器奇术!$A:$R,2,FALSE)*(1+T42)*(1+U42)*V42 -> 12413.398 | AD42: =MAX((1-X42-Z42-AB42),0) -> 0.0311 | AE42: =W42*X42+Y42*Z42+AA42*AB42+AC42*AD42 -> 23730.185 | AF42: =VLOOKUP($E42,武器奇术!$A:$R,3,FALSE)*(1+IF(VLOOKUP($E42,武器奇术!$A:$R,15,FALSE)="武器",$E$15,0)) -> 993.395 | AG42: =(AF42+AH42)/2 -> 993.395 | AH42: =VLOOKUP($E42,武器奇术!$A:$R,3,FALSE)*(1+IF(VLOOKUP($E42,武器奇术!$A:$R,15,FALSE)="武器",$E$15,0)) -> 993.395 | AI42: =IF(($D$5+VLOOKUP($E42,武器奇术!$A:$R,13,FALSE)+IF($I$3="√",10,0)-VLOOKUP($F$7,目标属性!$A:$R,5,FALSE))>0,($D$5+VLOOKUP($E42,武器奇术!$A:$R,13,FALSE)+IF($I$3="√",10,0)-VLOOKUP($F$7,目标属性!$A:$R,5,FALSE))/200,($D$5+VLOOKUP($E42,武器奇术!$A:$R,13,FALSE)+IF($I$3="√",10,0)-VLOOKUP($F$7,目标属性!$A:$R,5,FALSE))/100) -> 0.2925 | AJ42: =$E$5+IF($G$5="烟柳",IF(VLOOKUP($E42,武器奇术!$A:$T,20,FALSE)=1,0.1,0),0) -> 0.1 | AK42: 1 | AL42: =AF42*(1+AI42)*(1+AJ42)*AK42 -> 1412.3593 | AM42: =(1-IF(VLOOKUP($E42,武器奇术!$A:$R,18,FALSE)="叶龙",1,$N42))*(1-$M42) -> 0 | AN42: =AG42*(1+AI42)*(1+AJ42)*AK42*(1+$E$16+VLOOKUP($E42,武器奇术!$A:$R,8,FALSE)) -> 2830.3681 | AO42: =IF($L42+$M42<=100%,$N42*$L42,$N42*(1-$M42)) -> 0.8703 | AP42: =AH42*(1+AI42)*(1+AJ42)*AK42*(1+$E$17+VLOOKUP($E42,武器奇术!$A:$R,10,FALSE)) -> 1906.6851 | AQ42: =$M42 -> 0.0986 | AR42: =AG42*(1+AI42)*(1+AJ42)*AK42 -> 1412.3593 | AS42: =MAX((1-AM42-AO42-AQ42),0) -> 0.0311 | AT42: =AL42*AM42+AN42*AO42+AP42*AQ42+AR42*AS42 -> 2695.1929 | AU42: =$B$7*IF($G$5="撼天",1.05,1)+IF(AND(VLOOKUP($E42,武器奇术!$A:$R,15,FALSE)="武器",VLOOKUP($E42,武器奇术!$A:$R,17,FALSE)="鸣金"),$E$3*(1+$E$15),0) -> 0 | AV42: =(AU42+AW42)/2 -> 0 | AW42: =MAX($C$7*IF($G$5="撼天",1.05,1)+IF(AND(VLOOKUP($E42,武器奇术!$A:$R,15,FALSE)="武器",VLOOKUP($E42,武器奇术!$A:$R,17,FALSE)="鸣金"),$E$3*(1+$E$15),0),AU42) -> 0 | AX42: =IF(($D$7+IF(VLOOKUP($E42,武器奇术!$A:$R,17,FALSE)="鸣金",$D$15,0)-VLOOKUP($F$7,目标属性!$A:$R,6,FALSE))>0,($D$7+IF(VLOOKUP($E42,武器奇术!$A:$R,17,FALSE)="鸣金",$D$15,0)-VLOOKUP($F$7,目标属性!$A:$R,6,FALSE))/200,($D$7+IF(VLOOKUP($E42,武器奇术!$A:$R,17,FALSE)="鸣金",$D$15,0)-VLOOKUP($F$7,目标属性!$A:$R,6,FALSE))/100) -> -0.24 | AY42: =$E$7 -> 0 | AZ42: 1 | BA42: =AU42*IF(VLOOKUP($E42,武器奇术!$A:$R,17,FALSE)="鸣金",VLOOKUP($E42,武器奇术!$A:$R,4,FALSE),VLOOKUP($E42,武器奇术!$A:$R,2,FALSE))*(1+AX42)*(1+AY42)*AZ42 -> 0 | BB42: =(1-IF(VLOOKUP($E42,武器奇术!$A:$R,18,FALSE)="叶龙",1,$N42))*(1-$M42) -> 0 | BC42: =AV42*IF(VLOOKUP($E42,武器奇术!$A:$R,17,FALSE)="鸣金",VLOOKUP($E42,武器奇术!$A:$R,4,FALSE),VLOOKUP($E42,武器奇术!$A:$R,2,FALSE))*(1+AX42)*(1+AY42)*AZ42*(1+$E$16+VLOOKUP($E42,武器奇术!$A:$R,8,FALSE)) -> 0 | BD42: =IF($L42+$M42<=100%,$N42*$L42,$N42*(1-$M42)) -> 0.8703 | BE42: =AW42*IF(VLOOKUP($E42,武器奇术!$A:$R,17,FALSE)="鸣金",VLOOKUP($E42,武器奇术!$A:$R,4,FALSE),VLOOKUP($E42,武器奇术!$A:$R,2,FALSE))*(1+AX42)*(1+AY42)*AZ42*(1+$E$17+VLOOKUP($E42,武器奇术!$A:$R,10,FALSE)) -> 0 | BF42: =$M42 -> 0.0986 | BG42: =AV42*IF(VLOOKUP($E42,武器奇术!$A:$R,17,FALSE)="鸣金",VLOOKUP($E42,武器奇术!$A:$R,4,FALSE),VLOOKUP($E42,武器奇术!$A:$R,2,FALSE))*(1+AX42)*(1+AY42)*AZ42 -> 0 | BH42: =MAX((1-BB42-BD42-BF42),0) -> 0.0311 | BI42: =BA42*BB42+BC42*BD42+BE42*BF42+BG42*BH42 -> 0 | BJ42: =$B$9*IF($G$5="撼天",1.05,1)+IF(AND(VLOOKUP($E42,武器奇术!$A:$R,15,FALSE)="武器",VLOOKUP($E42,武器奇术!$A:$R,17,FALSE)="裂石"),$E$3*(1+$E$15),0) -> 0 | BK42: =(BJ42+BL42)/2 -> 0 | BL42: =MAX($C$9*IF($G$5="撼天",1.05,1)+IF(AND(VLOOKUP($E42,武器奇术!$A:$R,15,FALSE)="武器",VLOOKUP($E42,武器奇术!$A:$R,17,FALSE)="裂石"),$E$3*(1+$E$15),0),BJ42) -> 0 | BM42: =IF(($D$9+IF(VLOOKUP($E42,武器奇术!$A:$R,17,FALSE)="裂石",$D$15,0)-VLOOKUP($F$7,目标属性!$A:$R,6,FALSE))>0,($D$9+IF(VLOOKUP($E42,武器奇术!$A:$R,17,FALSE)="裂石",$D$15,0)-VLOOKUP($F$7,目标属性!$A:$R,6,FALSE))/200,($D$9+IF(VLOOKUP($E42,武器奇术!$A:$R,17,FALSE)="裂石",$D$15,0)-VLOOKUP($F$7,目标属性!$A:$R,6,FALSE))/100) -> -0.24 | BN42: =$E$9 -> 0 | BO42: 1 | BP42: =BJ42*IF(VLOOKUP($E42,武器奇术!$A:$R,17,FALSE)="裂石",VLOOKUP($E42,武器奇术!$A:$R,4,FALSE),VLOOKUP($E42,武器奇术!$A:$R,2,FALSE))*(1+BM42)*(1+BN42)*BO42 -> 0 | BQ42: =(1-IF(VLOOKUP($E42,武器奇术!$A:$R,18,FALSE)="叶龙",1,$N42))*(1-$M42) -> 0 | BR42: =BK42*IF(VLOOKUP($E42,武器奇术!$A:$R,17,FALSE)="裂石",VLOOKUP($E42,武器奇术!$A:$R,4,FALSE),VLOOKUP($E42,武器奇术!$A:$R,2,FALSE))*(1+BM42)*(1+BN42)*BO42*(1+$E$16+VLOOKUP($E42,武器奇术!$A:$R,8,FALSE)) -> 0 | BS42: =IF($L42+$M42<=100%,$N42*$L42,$N42*(1-$M42)) -> 0.8703 | BT42: =BL42*IF(VLOOKUP($E42,武器奇术!$A:$R,17,FALSE)="裂石",VLOOKUP($E42,武器奇术!$A:$R,4,FALSE),VLOOKUP($E42,武器奇术!$A:$R,2,FALSE))*(1+BM42)*(1+BN42)*BO42*(1+$E$17+VLOOKUP($E42,武器奇术!$A:$R,10,FALSE)) -> 0 | BU42: =$M42 -> 0.0986 | BV42: =BK42*IF(VLOOKUP($E42,武器奇术!$A:$R,17,FALSE)="裂石",VLOOKUP($E42,武器奇术!$A:$R,4,FALSE),VLOOKUP($E42,武器奇术!$A:$R,2,FALSE))*(1+BM42)*(1+BN42)*BO42 -> 0 | BW42: =MAX((1-BQ42-BS42-BU42),0) -> 0.0311 | BX42: =BP42*BQ42+BR42*BS42+BT42*BU42+BV42*BW42 -> 0 | BY42: =$B$11*IF($G$5="撼天",1.05,1)+IF(AND(VLOOKUP($E42,武器奇术!$A:$R,15,FALSE)="武器",VLOOKUP($E42,武器奇术!$A:$R,17,FALSE)="牵丝"),$E$3*(1+$E$15),0) -> 686.71 | BZ42: =IF(VLOOKUP($E42,武器奇术!$A:$Z,18,FALSE)="叶龙",(CA42-(BY42+CA42)*0.5)*($G$15-0.5)*2+(BY42+CA42)*0.5,(BY42+CA42)*0.5) -> 1052.21 | CA42: =MAX($C$11*IF($G$5="撼天",1.05,1)+IF(AND(VLOOKUP($E42,武器奇术!$A:$R,15,FALSE)="武器",VLOOKUP($E42,武器奇术!$A:$R,17,FALSE)="牵丝"),$E$3*(1+$E$15),0),BY42) -> 1417.71 | CB42: =IF(($D$11+IF(VLOOKUP($E42,武器奇术!$A:$R,17,FALSE)="牵丝",$D$15,0)-VLOOKUP($F$7,目标属性!$A:$R,6,FALSE))>0,($D$11+IF(VLOOKUP($E42,武器奇术!$A:$R,17,FALSE)="牵丝",$D$15,0)-VLOOKUP($F$7,目标属性!$A:$R,6,FALSE))/200,($D$11+IF(VLOOKUP($E42,武器奇术!$A:$R,17,FALSE)="牵丝",$D$15,0)-VLOOKUP($F$7,目标属性!$A:$R,6,FALSE))/100) -> 0.028 | CC42: =$E$11+IF($G$5="烟柳",IF(VLOOKUP($E42,武器奇术!$A:$T,20,FALSE)=1,0.1,0),0) -> 0.248 | CD42: 1 | CE42: =BY42*IF(VLOOKUP($E42,武器奇术!$A:$R,17,FALSE)="牵丝",VLOOKUP($E42,武器奇术!$A:$R,4,FALSE),VLOOKUP($E42,武器奇术!$A:$R,2,FALSE))*(1+CB42)*(1+CC42)*CD42 -> 3649.2071 | CF42: =(1-IF(VLOOKUP($E42,武器奇术!$A:$R,18,FALSE)="叶龙",1,$N42))*(1-$M42) -> 0 | CG42: =BZ42*IF(VLOOKUP($E42,武器奇术!$A:$R,17,FALSE)="牵丝",VLOOKUP($E42,武器奇术!$A:$R,4,FALSE),VLOOKUP($E42,武器奇术!$A:$R,2,FALSE))*(1+CB42)*(1+CC42)*CD42*(1+$E$16+VLOOKUP($E42,武器奇术!$A:$R,8,FALSE)) -> 11205.346 | CH42: =IF($L42+$M42<=100%,$N42*$L42,$N42*(1-$M42)) -> 0.8703 | CI42: =CA42*IF(VLOOKUP($E42,武器奇术!$A:$R,17,FALSE)="牵丝",VLOOKUP($E42,武器奇术!$A:$R,4,FALSE),VLOOKUP($E42,武器奇术!$A:$R,2,FALSE))*(1+CB42)*(1+CC42)*CD42*(1+$E$17+VLOOKUP($E42,武器奇术!$A:$R,10,FALSE)) -> 10170.594 | CJ42: =$M42 -> 0.0986 | CK42: =BZ42*IF(VLOOKUP($E42,武器奇术!$A:$R,17,FALSE)="牵丝",VLOOKUP($E42,武器奇术!$A:$R,4,FALSE),VLOOKUP($E42,武器奇术!$A:$R,2,FALSE))*(1+CB42)*(1+CC42)*CD42 -> 5591.4901 | CL42: =MAX((1-CF42-CH42-CJ42),0) -> 0.0311 | CM42: =CE42*CF42+CG42*CH42+CI42*CJ42+CK42*CL42 -> 10928.729 | CN42: =$B$13*IF($G$5="撼天",1.05,1)+IF(AND(VLOOKUP($E42,武器奇术!$A:$R,15,FALSE)="武器",VLOOKUP($E42,武器奇术!$A:$R,17,FALSE)="破竹"),$E$3*(1+$E$15),0) -> 0 | CO42: =(CN42+CP42)/2 -> 0 | CP42: =MAX($C$13*IF($G$5="撼天",1.05,1)+IF(AND(VLOOKUP($E42,武器奇术!$A:$R,15,FALSE)="武器",VLOOKUP($E42,武器奇术!$A:$R,17,FALSE)="破竹"),$E$3*(1+$E$15),0),CN42) -> 0 | CQ42: =IF(($D$13+IF(VLOOKUP($E42,武器奇术!$A:$R,17,FALSE)="破竹",$D$15,0)-VLOOKUP($F$7,目标属性!$A:$R,6,FALSE))>0,($D$13+IF(VLOOKUP($E42,武器奇术!$A:$R,17,FALSE)="破竹",$D$15,0)-VLOOKUP($F$7,目标属性!$A:$R,6,FALSE))/200,($D$13+IF(VLOOKUP($E42,武器奇术!$A:$R,17,FALSE)="破竹",$D$15,0)-VLOOKUP($F$7,目标属性!$A:$R,6,FALSE))/100) -> -0.24 | CR42: =$E$13 -> 0 | CS42: 1 | CT42: =CN42*IF(VLOOKUP($E42,武器奇术!$A:$R,17,FALSE)="破竹",VLOOKUP($E42,武器奇术!$A:$R,4,FALSE),VLOOKUP($E42,武器奇术!$A:$R,2,FALSE))*(1+CQ42)*(1+CR42)*CS42 -> 0 | CU42: =(1-IF(VLOOKUP($E42,武器奇术!$A:$R,18,FALSE)="叶龙",1,$N42))*(1-$M42) -> 0 | CV42: =CO42*IF(VLOOKUP($E42,武器奇术!$A:$R,17,FALSE)="破竹",VLOOKUP($E42,武器奇术!$A:$R,4,FALSE),VLOOKUP($E42,武器奇术!$A:$R,2,FALSE))*(1+CQ42)*(1+CR42)*CS42*(1+$E$16+VLOOKUP($E42,武器奇术!$A:$R,8,FALSE)) -> 0 | CW42: =IF($L42+$M42<=100%,$N42*$L42,$N42*(1-$M42)) -> 0.8703 | CX42: =CP42*IF(VLOOKUP($E42,武器奇术!$A:$R,17,FALSE)="破竹",VLOOKUP($E42,武器奇术!$A:$R,4,FALSE),VLOOKUP($E42,武器奇术!$A:$R,2,FALSE))*(1+CQ42)*(1+CR42)*CS42*(1+$E$17+VLOOKUP($E42,武器奇术!$A:$R,10,FALSE)) -> 0 | CY42: =$M42 -> 0.0986 | CZ42: =CO42*IF(VLOOKUP($E42,武器奇术!$A:$R,17,FALSE)="破竹",VLOOKUP($E42,武器奇术!$A:$R,4,FALSE),VLOOKUP($E42,武器奇术!$A:$R,2,FALSE))*(1+CQ42)*(1+CR42)*CS42 -> 0 | DA42: =MAX((1-CU42-CW42-CY42),0) -> 0.0311 | DB42: =CT42*CU42+CV42*CW42+CX42*CY42+CZ42*DA42 -> 0 | DC42: =$B$15*IF($G$5="撼天",1.05,1) -> 66 | DD42: =(DC42+DE42)/2 -> 125.8 | DE42: =$C$15*IF($G$5="撼天",1.05,1) -> 185.6 | DF42: =IF((IF(VLOOKUP($E42,武器奇术!$A:$R,17,FALSE)="鸣金",$D$7,0)+IF(VLOOKUP($E42,武器奇术!$A:$R,17,FALSE)="裂石",$D$9,0)+IF(VLOOKUP($E42,武器奇术!$A:$R,17,FALSE)="牵丝",$D$11,0)+IF(VLOOKUP($E42,武器奇术!$A:$R,17,FALSE)="破竹",$D$13,0)+$D$15-VLOOKUP($F$7,目标属性!$A:$R,6,FALSE))>0,(IF(VLOOKUP($E42,武器奇术!$A:$R,17,FALSE)="鸣金",$D$7,0)+IF(VLOOKUP($E42,武器奇术!$A:$R,17,FALSE)="裂石",$D$9,0)+IF(VLOOKUP($E42,武器奇术!$A:$R,17,FALSE)="牵丝",$D$11,0)+IF(VLOOKUP($E42,武器奇术!$A:$R,17,FALSE)="破竹",$D$13,0)+$D$15-VLOOKUP($F$7,目标属性!$A:$R,6,FALSE))/200,(IF(VLOOKUP($E42,武器奇术!$A:$R,17,FALSE)="鸣金",$D$7,0)+IF(VLOOKUP($E42,武器奇术!$A:$R,17,FALSE)="裂石",$D$9,0)+IF(VLOOKUP($E42,武器奇术!$A:$R,17,FALSE)="牵丝",$D$11,0)+IF(VLOOKUP($E42,武器奇术!$A:$R,17,FALSE)="破竹",$D$13,0)+$D$15-VLOOKUP($F$7,目标属性!$A:$R,6,FALSE))/100) -> 0.028 | DG42: =$E$11+IF($G$5="烟柳",IF(VLOOKUP($E42,武器奇术!$A:$T,20,FALSE)=1,0.1,0),0) -> 0.248 | DH42: 1 | DI42: =DC42*IF(VLOOKUP($E42,武器奇术!$A:$R,17,FALSE)="牵丝",VLOOKUP($E42,武器奇术!$A:$R,4,FALSE),VLOOKUP($E42,武器奇术!$A:$R,2,FALSE))*(1+DF42)*(1+DG42)*DH42 -> 350.72689 | DJ42: =(1-IF(VLOOKUP($E42,武器奇术!$A:$R,18,FALSE)="叶龙",1,$N42))*(1-$M42) -> 0 | DK42: =DD42*IF(VLOOKUP($E42,武器奇术!$A:$R,17,FALSE)="牵丝",VLOOKUP($E42,武器奇术!$A:$R,4,FALSE),VLOOKUP($E42,武器奇术!$A:$R,2,FALSE))*(1+DF42)*(1+DG42)*DH42*(1+$E$16+VLOOKUP($E42,武器奇术!$A:$R,8,FALSE)) -> 1339.6875 | DL42: =IF($L42+$M42<=100%,$N42*$L42,$N42*(1-$M42)) -> 0.8703 | DM42: =DE42*IF(VLOOKUP($E42,武器奇术!$A:$R,17,FALSE)="牵丝",VLOOKUP($E42,武器奇术!$A:$R,4,FALSE),VLOOKUP($E42,武器奇术!$A:$R,2,FALSE))*(1+DF42)*(1+DG42)*DH42*(1+$E$17+VLOOKUP($E42,武器奇术!$A:$R,10,FALSE)) -> 1331.4868 | DN42: =$M42 -> 0.0986 | DO42: =DD42*IF(VLOOKUP($E42,武器奇术!$A:$R,17,FALSE)="牵丝",VLOOKUP($E42,武器奇术!$A:$R,4,FALSE),VLOOKUP($E42,武器奇术!$A:$R,2,FALSE))*(1+DF42)*(1+DG42)*DH42 -> 668.50672 | DP42: =MAX((1-DJ42-DL42-DN42),0) -> 0.0311 | DQ42: =DI42*DJ42+DK42*DL42+DM42*DN42+DO42*DP42 -> 1318.0052
E43: 扇普通重击派生(风墙小纵) | F43: 1 | H43: =IF(VLOOKUP($E43,武器奇术!$A:$R,18,FALSE)="天工",AE43,(AE43+AT43+BI43+BX43+CM43+DB43+DQ43))*(1+J43)*F43*K43*(1+G43) -> 39185.809 | I43: =H43/$C$30 -> 0.0045161629 | J43: =$F$3+VLOOKUP($E43,武器奇术!$A:$R,12,FALSE)+VLOOKUP($E43,武器奇术!$A:$R,14,FALSE)*$G$3+$P43+IF($F$21="√",5%,0) -> 0.567 | K43: =VLOOKUP($E43,武器奇术!$A:$R,11,FALSE) -> 1 | L43: =IF(VLOOKUP($E43,武器奇术!$A:$R,15,FALSE)="天工",0%,IF($C$17+VLOOKUP($E43,武器奇术!$A:$R,7,FALSE)>80%,80%,$C$17+VLOOKUP($E43,武器奇术!$A:$R,7,FALSE))+IF($C$19>20%,20%,$C$19)) -> 0.8703 | M43: =IF(VLOOKUP($E43,武器奇术!$A:$R,15,FALSE)="天工",0%,IF($C$18+VLOOKUP($E43,武器奇术!$A:$R,9,FALSE)>40%,40%,$C$18+VLOOKUP($E43,武器奇术!$A:$R,9,FALSE))+IF($C$20>10%,10%,$C$20)) -> 0.0986 | N43: =IF(VLOOKUP($E43,武器奇术!$A:$R,15,FALSE)="天工",100%,MIN($C$16,1)) -> 1 | O43: =VLOOKUP($E43,武器奇术!$A:$R,16,FALSE) -> 扇 | P43: =VLOOKUP($O43,$B$22:$C$27,2,FALSE)+IF(OR($O43="伞",$O43="扇"),$C$24,0) -> 0.084 | Q43: =$B$5*(1+VLOOKUP($E43,武器奇术!$A:$R,5,FALSE))*(1+VLOOKUP($E43,武器奇术!$A:$S,19,FALSE)+IF($G$5="飞隼",0.1,0)+IF($G$5="撼天",0.05,0))-$F$9+IF($J$5="√",160,0) -> 3081.85 | R43: =IF(VLOOKUP($E43,武器奇术!$A:$Z,18,FALSE)="叶龙",(S43-(Q43+S43)*0.5)*($G$15-0.5)*2+(Q43+S43)*0.5,(Q43+S43)*0.5) -> 3161.85 | S43: =MAX($C$5,$B$5)*(1+VLOOKUP($E43,武器奇术!$A:$R,6,FALSE))*(1+VLOOKUP($E43,武器奇术!$A:$S,19,FALSE)+IF($G$5="飞隼",0.1,0)+IF($G$5="撼天",0.05,0))-$F$9+IF($J$5="√",320,0) -> 3241.85 | T43: =IF(($D$5+VLOOKUP($E43,武器奇术!$A:$R,13,FALSE)+IF($I$3="√",10,0)-VLOOKUP($F$7,目标属性!$A:$R,5,FALSE))>0,($D$5+VLOOKUP($E43,武器奇术!$A:$R,13,FALSE)+IF($I$3="√",10,0)-VLOOKUP($F$7,目标属性!$A:$R,5,FALSE))/200,($D$5+VLOOKUP($E43,武器奇术!$A:$R,13,FALSE)+IF($I$3="√",10,0)-VLOOKUP($F$7,目标属性!$A:$R,5,FALSE))/100) -> 0.2675 | U43: =$E$5+IF($G$5="烟柳",IF(VLOOKUP($E43,武器奇术!$A:$T,20,FALSE)=1,0.1,0),0) -> 0.1 | V43: 1 | W43: =Q43*VLOOKUP($E43,武器奇术!$A:$R,2,FALSE)*(1+T43)*(1+U43)*V43 -> 7774.3687 | X43: =(1-IF(VLOOKUP($E43,武器奇术!$A:$R,18,FALSE)="叶龙",1,$N43))*(1-$M43) -> 0 | Y43: =R43*VLOOKUP($E43,武器奇术!$A:$R,2,FALSE)*(1+T43)*(1+U43)*V43*(1+$E$16+VLOOKUP($E43,武器奇术!$A:$R,8,FALSE)) -> 15984.263 | Z43: =IF($L43+$M43<=100%,$N43*$L43,$N43*(1-$M43)) -> 0.8703 | AA43: =S43*VLOOKUP($E43,武器奇术!$A:$R,2,FALSE)*(1+T43)*(1+U43)*V43*(1+$E$17+VLOOKUP($E43,武器奇术!$A:$R,10,FALSE)) -> 11040.286 | AB43: =$M43 -> 0.0986 | AC43: =R43*VLOOKUP($E43,武器奇术!$A:$R,2,FALSE)*(1+T43)*(1+U43)*V43 -> 7976.1791 | AD43: =MAX((1-X43-Z43-AB43),0) -> 0.0311 | AE43: =W43*X43+Y43*Z43+AA43*AB43+AC43*AD43 -> 15247.735 | AF43: =VLOOKUP($E43,武器奇术!$A:$R,3,FALSE)*(1+IF(VLOOKUP($E43,武器奇术!$A:$R,15,FALSE)="武器",$E$15,0)) -> 652.21 | AG43: =(AF43+AH43)/2 -> 652.21 | AH43: =VLOOKUP($E43,武器奇术!$A:$R,3,FALSE)*(1+IF(VLOOKUP($E43,武器奇术!$A:$R,15,FALSE)="武器",$E$15,0)) -> 652.21 | AI43: =IF(($D$5+VLOOKUP($E43,武器奇术!$A:$R,13,FALSE)+IF($I$3="√",10,0)-VLOOKUP($F$7,目标属性!$A:$R,5,FALSE))>0,($D$5+VLOOKUP($E43,武器奇术!$A:$R,13,FALSE)+IF($I$3="√",10,0)-VLOOKUP($F$7,目标属性!$A:$R,5,FALSE))/200,($D$5+VLOOKUP($E43,武器奇术!$A:$R,13,FALSE)+IF($I$3="√",10,0)-VLOOKUP($F$7,目标属性!$A:$R,5,FALSE))/100) -> 0.2675 | AJ43: =$E$5+IF($G$5="烟柳",IF(VLOOKUP($E43,武器奇术!$A:$T,20,FALSE)=1,0.1,0),0) -> 0.1 | AK43: 1 | AL43: =AF43*(1+AI43)*(1+AJ43)*AK43 -> 909.34379 | AM43: =(1-IF(VLOOKUP($E43,武器奇术!$A:$R,18,FALSE)="叶龙",1,$N43))*(1-$M43) -> 0 | AN43: =AG43*(1+AI43)*(1+AJ43)*AK43*(1+$E$16+VLOOKUP($E43,武器奇术!$A:$R,8,FALSE)) -> 1822.325 | AO43: =IF($L43+$M43<=100%,$N43*$L43,$N43*(1-$M43)) -> 0.8703 | AP43: =AH43*(1+AI43)*(1+AJ43)*AK43*(1+$E$17+VLOOKUP($E43,武器奇术!$A:$R,10,FALSE)) -> 1227.6141 | AQ43: =$M43 -> 0.0986 | AR43: =AG43*(1+AI43)*(1+AJ43)*AK43 -> 909.34379 | AS43: =MAX((1-AM43-AO43-AQ43),0) -> 0.0311 | AT43: =AL43*AM43+AN43*AO43+AP43*AQ43+AR43*AS43 -> 1735.2928 | AU43: =$B$7*IF($G$5="撼天",1.05,1)+IF(AND(VLOOKUP($E43,武器奇术!$A:$R,15,FALSE)="武器",VLOOKUP($E43,武器奇术!$A:$R,17,FALSE)="鸣金"),$E$3*(1+$E$15),0) -> 0 | AV43: =(AU43+AW43)/2 -> 0 | AW43: =MAX($C$7*IF($G$5="撼天",1.05,1)+IF(AND(VLOOKUP($E43,武器奇术!$A:$R,15,FALSE)="武器",VLOOKUP($E43,武器奇术!$A:$R,17,FALSE)="鸣金"),$E$3*(1+$E$15),0),AU43) -> 0 | AX43: =IF(($D$7+IF(VLOOKUP($E43,武器奇术!$A:$R,17,FALSE)="鸣金",$D$15,0)-VLOOKUP($F$7,目标属性!$A:$R,6,FALSE))>0,($D$7+IF(VLOOKUP($E43,武器奇术!$A:$R,17,FALSE)="鸣金",$D$15,0)-VLOOKUP($F$7,目标属性!$A:$R,6,FALSE))/200,($D$7+IF(VLOOKUP($E43,武器奇术!$A:$R,17,FALSE)="鸣金",$D$15,0)-VLOOKUP($F$7,目标属性!$A:$R,6,FALSE))/100) -> -0.24 | AY43: =$E$7 -> 0 | AZ43: 1 | BA43: =AU43*IF(VLOOKUP($E43,武器奇术!$A:$R,17,FALSE)="鸣金",VLOOKUP($E43,武器奇术!$A:$R,4,FALSE),VLOOKUP($E43,武器奇术!$A:$R,2,FALSE))*(1+AX43)*(1+AY43)*AZ43 -> 0 | BB43: =(1-IF(VLOOKUP($E43,武器奇术!$A:$R,18,FALSE)="叶龙",1,$N43))*(1-$M43) -> 0 | BC43: =AV43*IF(VLOOKUP($E43,武器奇术!$A:$R,17,FALSE)="鸣金",VLOOKUP($E43,武器奇术!$A:$R,4,FALSE),VLOOKUP($E43,武器奇术!$A:$R,2,FALSE))*(1+AX43)*(1+AY43)*AZ43*(1+$E$16+VLOOKUP($E43,武器奇术!$A:$R,8,FALSE)) -> 0 | BD43: =IF($L43+$M43<=100%,$N43*$L43,$N43*(1-$M43)) -> 0.8703 | BE43: =AW43*IF(VLOOKUP($E43,武器奇术!$A:$R,17,FALSE)="鸣金",VLOOKUP($E43,武器奇术!$A:$R,4,FALSE),VLOOKUP($E43,武器奇术!$A:$R,2,FALSE))*(1+AX43)*(1+AY43)*AZ43*(1+$E$17+VLOOKUP($E43,武器奇术!$A:$R,10,FALSE)) -> 0 | BF43: =$M43 -> 0.0986 | BG43: =AV43*IF(VLOOKUP($E43,武器奇术!$A:$R,17,FALSE)="鸣金",VLOOKUP($E43,武器奇术!$A:$R,4,FALSE),VLOOKUP($E43,武器奇术!$A:$R,2,FALSE))*(1+AX43)*(1+AY43)*AZ43 -> 0 | BH43: =MAX((1-BB43-BD43-BF43),0) -> 0.0311 | BI43: =BA43*BB43+BC43*BD43+BE43*BF43+BG43*BH43 -> 0 | BJ43: =$B$9*IF($G$5="撼天",1.05,1)+IF(AND(VLOOKUP($E43,武器奇术!$A:$R,15,FALSE)="武器",VLOOKUP($E43,武器奇术!$A:$R,17,FALSE)="裂石"),$E$3*(1+$E$15),0) -> 0 | BK43: =(BJ43+BL43)/2 -> 0 | BL43: =MAX($C$9*IF($G$5="撼天",1.05,1)+IF(AND(VLOOKUP($E43,武器奇术!$A:$R,15,FALSE)="武器",VLOOKUP($E43,武器奇术!$A:$R,17,FALSE)="裂石"),$E$3*(1+$E$15),0),BJ43) -> 0 | BM43: =IF(($D$9+IF(VLOOKUP($E43,武器奇术!$A:$R,17,FALSE)="裂石",$D$15,0)-VLOOKUP($F$7,目标属性!$A:$R,6,FALSE))>0,($D$9+IF(VLOOKUP($E43,武器奇术!$A:$R,17,FALSE)="裂石",$D$15,0)-VLOOKUP($F$7,目标属性!$A:$R,6,FALSE))/200,($D$9+IF(VLOOKUP($E43,武器奇术!$A:$R,17,FALSE)="裂石",$D$15,0)-VLOOKUP($F$7,目标属性!$A:$R,6,FALSE))/100) -> -0.24 | BN43: =$E$9 -> 0 | BO43: 1 | BP43: =BJ43*IF(VLOOKUP($E43,武器奇术!$A:$R,17,FALSE)="裂石",VLOOKUP($E43,武器奇术!$A:$R,4,FALSE),VLOOKUP($E43,武器奇术!$A:$R,2,FALSE))*(1+BM43)*(1+BN43)*BO43 -> 0 | BQ43: =(1-IF(VLOOKUP($E43,武器奇术!$A:$R,18,FALSE)="叶龙",1,$N43))*(1-$M43) -> 0 | BR43: =BK43*IF(VLOOKUP($E43,武器奇术!$A:$R,17,FALSE)="裂石",VLOOKUP($E43,武器奇术!$A:$R,4,FALSE),VLOOKUP($E43,武器奇术!$A:$R,2,FALSE))*(1+BM43)*(1+BN43)*BO43*(1+$E$16+VLOOKUP($E43,武器奇术!$A:$R,8,FALSE)) -> 0 | BS43: =IF($L43+$M43<=100%,$N43*$L43,$N43*(1-$M43)) -> 0.8703 | BT43: =BL43*IF(VLOOKUP($E43,武器奇术!$A:$R,17,FALSE)="裂石",VLOOKUP($E43,武器奇术!$A:$R,4,FALSE),VLOOKUP($E43,武器奇术!$A:$R,2,FALSE))*(1+BM43)*(1+BN43)*BO43*(1+$E$17+VLOOKUP($E43,武器奇术!$A:$R,10,FALSE)) -> 0 | BU43: =$M43 -> 0.0986 | BV43: =BK43*IF(VLOOKUP($E43,武器奇术!$A:$R,17,FALSE)="裂石",VLOOKUP($E43,武器奇术!$A:$R,4,FALSE),VLOOKUP($E43,武器奇术!$A:$R,2,FALSE))*(1+BM43)*(1+BN43)*BO43 -> 0 | BW43: =MAX((1-BQ43-BS43-BU43),0) -> 0.0311 | BX43: =BP43*BQ43+BR43*BS43+BT43*BU43+BV43*BW43 -> 0 | BY43: =$B$11*IF($G$5="撼天",1.05,1)+IF(AND(VLOOKUP($E43,武器奇术!$A:$R,15,FALSE)="武器",VLOOKUP($E43,武器奇术!$A:$R,17,FALSE)="牵丝"),$E$3*(1+$E$15),0) -> 686.71 | BZ43: =IF(VLOOKUP($E43,武器奇术!$A:$Z,18,FALSE)="叶龙",(CA43-(BY43+CA43)*0.5)*($G$15-0.5)*2+(BY43+CA43)*0.5,(BY43+CA43)*0.5) -> 1052.21 | CA43: =MAX($C$11*IF($G$5="撼天",1.05,1)+IF(AND(VLOOKUP($E43,武器奇术!$A:$R,15,FALSE)="武器",VLOOKUP($E43,武器奇术!$A:$R,17,FALSE)="牵丝"),$E$3*(1+$E$15),0),BY43) -> 1417.71 | CB43: =IF(($D$11+IF(VLOOKUP($E43,武器奇术!$A:$R,17,FALSE)="牵丝",$D$15,0)-VLOOKUP($F$7,目标属性!$A:$R,6,FALSE))>0,($D$11+IF(VLOOKUP($E43,武器奇术!$A:$R,17,FALSE)="牵丝",$D$15,0)-VLOOKUP($F$7,目标属性!$A:$R,6,FALSE))/200,($D$11+IF(VLOOKUP($E43,武器奇术!$A:$R,17,FALSE)="牵丝",$D$15,0)-VLOOKUP($F$7,目标属性!$A:$R,6,FALSE))/100) -> 0.028 | CC43: =$E$11+IF($G$5="烟柳",IF(VLOOKUP($E43,武器奇术!$A:$T,20,FALSE)=1,0.1,0),0) -> 0.248 | CD43: 1 | CE43: =BY43*IF(VLOOKUP($E43,武器奇术!$A:$R,17,FALSE)="牵丝",VLOOKUP($E43,武器奇术!$A:$R,4,FALSE),VLOOKUP($E43,武器奇术!$A:$R,2,FALSE))*(1+CB43)*(1+CC43)*CD43 -> 2390.9038 | CF43: =(1-IF(VLOOKUP($E43,武器奇术!$A:$R,18,FALSE)="叶龙",1,$N43))*(1-$M43) -> 0 | CG43: =BZ43*IF(VLOOKUP($E43,武器奇术!$A:$R,17,FALSE)="牵丝",VLOOKUP($E43,武器奇术!$A:$R,4,FALSE),VLOOKUP($E43,武器奇术!$A:$R,2,FALSE))*(1+CB43)*(1+CC43)*CD43*(1+$E$16+VLOOKUP($E43,武器奇术!$A:$R,8,FALSE)) -> 7341.5689 | CH43: =IF($L43+$M43<=100%,$N43*$L43,$N43*(1-$M43)) -> 0.8703 | CI43: =CA43*IF(VLOOKUP($E43,武器奇术!$A:$R,17,FALSE)="牵丝",VLOOKUP($E43,武器奇术!$A:$R,4,FALSE),VLOOKUP($E43,武器奇术!$A:$R,2,FALSE))*(1+CB43)*(1+CC43)*CD43*(1+$E$17+VLOOKUP($E43,武器奇术!$A:$R,10,FALSE)) -> 6663.6152 | CJ43: =$M43 -> 0.0986 | CK43: =BZ43*IF(VLOOKUP($E43,武器奇术!$A:$R,17,FALSE)="牵丝",VLOOKUP($E43,武器奇术!$A:$R,4,FALSE),VLOOKUP($E43,武器奇术!$A:$R,2,FALSE))*(1+CB43)*(1+CC43)*CD43 -> 3663.4576 | CL43: =MAX((1-CF43-CH43-CJ43),0) -> 0.0311 | CM43: =CE43*CF43+CG43*CH43+CI43*CJ43+CK43*CL43 -> 7160.3334 | CN43: =$B$13*IF($G$5="撼天",1.05,1)+IF(AND(VLOOKUP($E43,武器奇术!$A:$R,15,FALSE)="武器",VLOOKUP($E43,武器奇术!$A:$R,17,FALSE)="破竹"),$E$3*(1+$E$15),0) -> 0 | CO43: =(CN43+CP43)/2 -> 0 | CP43: =MAX($C$13*IF($G$5="撼天",1.05,1)+IF(AND(VLOOKUP($E43,武器奇术!$A:$R,15,FALSE)="武器",VLOOKUP($E43,武器奇术!$A:$R,17,FALSE)="破竹"),$E$3*(1+$E$15),0),CN43) -> 0 | CQ43: =IF(($D$13+IF(VLOOKUP($E43,武器奇术!$A:$R,17,FALSE)="破竹",$D$15,0)-VLOOKUP($F$7,目标属性!$A:$R,6,FALSE))>0,($D$13+IF(VLOOKUP($E43,武器奇术!$A:$R,17,FALSE)="破竹",$D$15,0)-VLOOKUP($F$7,目标属性!$A:$R,6,FALSE))/200,($D$13+IF(VLOOKUP($E43,武器奇术!$A:$R,17,FALSE)="破竹",$D$15,0)-VLOOKUP($F$7,目标属性!$A:$R,6,FALSE))/100) -> -0.24 | CR43: =$E$13 -> 0 | CS43: 1 | CT43: =CN43*IF(VLOOKUP($E43,武器奇术!$A:$R,17,FALSE)="破竹",VLOOKUP($E43,武器奇术!$A:$R,4,FALSE),VLOOKUP($E43,武器奇术!$A:$R,2,FALSE))*(1+CQ43)*(1+CR43)*CS43 -> 0 | CU43: =(1-IF(VLOOKUP($E43,武器奇术!$A:$R,18,FALSE)="叶龙",1,$N43))*(1-$M43) -> 0 | CV43: =CO43*IF(VLOOKUP($E43,武器奇术!$A:$R,17,FALSE)="破竹",VLOOKUP($E43,武器奇术!$A:$R,4,FALSE),VLOOKUP($E43,武器奇术!$A:$R,2,FALSE))*(1+CQ43)*(1+CR43)*CS43*(1+$E$16+VLOOKUP($E43,武器奇术!$A:$R,8,FALSE)) -> 0 | CW43: =IF($L43+$M43<=100%,$N43*$L43,$N43*(1-$M43)) -> 0.8703 | CX43: =CP43*IF(VLOOKUP($E43,武器奇术!$A:$R,17,FALSE)="破竹",VLOOKUP($E43,武器奇术!$A:$R,4,FALSE),VLOOKUP($E43,武器奇术!$A:$R,2,FALSE))*(1+CQ43)*(1+CR43)*CS43*(1+$E$17+VLOOKUP($E43,武器奇术!$A:$R,10,FALSE)) -> 0 | CY43: =$M43 -> 0.0986 | CZ43: =CO43*IF(VLOOKUP($E43,武器奇术!$A:$R,17,FALSE)="破竹",VLOOKUP($E43,武器奇术!$A:$R,4,FALSE),VLOOKUP($E43,武器奇术!$A:$R,2,FALSE))*(1+CQ43)*(1+CR43)*CS43 -> 0 | DA43: =MAX((1-CU43-CW43-CY43),0) -> 0.0311 | DB43: =CT43*CU43+CV43*CW43+CX43*CY43+CZ43*DA43 -> 0 | DC43: =$B$15*IF($G$5="撼天",1.05,1) -> 66 | DD43: =(DC43+DE43)/2 -> 125.8 | DE43: =$C$15*IF($G$5="撼天",1.05,1) -> 185.6 | DF43: =IF((IF(VLOOKUP($E43,武器奇术!$A:$R,17,FALSE)="鸣金",$D$7,0)+IF(VLOOKUP($E43,武器奇术!$A:$R,17,FALSE)="裂石",$D$9,0)+IF(VLOOKUP($E43,武器奇术!$A:$R,17,FALSE)="牵丝",$D$11,0)+IF(VLOOKUP($E43,武器奇术!$A:$R,17,FALSE)="破竹",$D$13,0)+$D$15-VLOOKUP($F$7,目标属性!$A:$R,6,FALSE))>0,(IF(VLOOKUP($E43,武器奇术!$A:$R,17,FALSE)="鸣金",$D$7,0)+IF(VLOOKUP($E43,武器奇术!$A:$R,17,FALSE)="裂石",$D$9,0)+IF(VLOOKUP($E43,武器奇术!$A:$R,17,FALSE)="牵丝",$D$11,0)+IF(VLOOKUP($E43,武器奇术!$A:$R,17,FALSE)="破竹",$D$13,0)+$D$15-VLOOKUP($F$7,目标属性!$A:$R,6,FALSE))/200,(IF(VLOOKUP($E43,武器奇术!$A:$R,17,FALSE)="鸣金",$D$7,0)+IF(VLOOKUP($E43,武器奇术!$A:$R,17,FALSE)="裂石",$D$9,0)+IF(VLOOKUP($E43,武器奇术!$A:$R,17,FALSE)="牵丝",$D$11,0)+IF(VLOOKUP($E43,武器奇术!$A:$R,17,FALSE)="破竹",$D$13,0)+$D$15-VLOOKUP($F$7,目标属性!$A:$R,6,FALSE))/100) -> 0.028 | DG43: =$E$11+IF($G$5="烟柳",IF(VLOOKUP($E43,武器奇术!$A:$T,20,FALSE)=1,0.1,0),0) -> 0.248 | DH43: 1 | DI43: =DC43*IF(VLOOKUP($E43,武器奇术!$A:$R,17,FALSE)="牵丝",VLOOKUP($E43,武器奇术!$A:$R,4,FALSE),VLOOKUP($E43,武器奇术!$A:$R,2,FALSE))*(1+DF43)*(1+DG43)*DH43 -> 229.79082 | DJ43: =(1-IF(VLOOKUP($E43,武器奇术!$A:$R,18,FALSE)="叶龙",1,$N43))*(1-$M43) -> 0 | DK43: =DD43*IF(VLOOKUP($E43,武器奇术!$A:$R,17,FALSE)="牵丝",VLOOKUP($E43,武器奇术!$A:$R,4,FALSE),VLOOKUP($E43,武器奇术!$A:$R,2,FALSE))*(1+DF43)*(1+DG43)*DH43*(1+$E$16+VLOOKUP($E43,武器奇术!$A:$R,8,FALSE)) -> 877.74244 | DL43: =IF($L43+$M43<=100%,$N43*$L43,$N43*(1-$M43)) -> 0.8703 | DM43: =DE43*IF(VLOOKUP($E43,武器奇术!$A:$R,17,FALSE)="牵丝",VLOOKUP($E43,武器奇术!$A:$R,4,FALSE),VLOOKUP($E43,武器奇术!$A:$R,2,FALSE))*(1+DF43)*(1+DG43)*DH43*(1+$E$17+VLOOKUP($E43,武器奇术!$A:$R,10,FALSE)) -> 872.36951 | DN43: =$M43 -> 0.0986 | DO43: =DD43*IF(VLOOKUP($E43,武器奇术!$A:$R,17,FALSE)="牵丝",VLOOKUP($E43,武器奇术!$A:$R,4,FALSE),VLOOKUP($E43,武器奇术!$A:$R,2,FALSE))*(1+DF43)*(1+DG43)*DH43 -> 437.99523 | DP43: =MAX((1-DJ43-DL43-DN43),0) -> 0.0311 | DQ43: =DI43*DJ43+DK43*DL43+DM43*DN43+DO43*DP43 -> 863.53653
E44: 扇左蓄(风墙5惊春小纵) | F44: 1 | H44: =IF(VLOOKUP($E44,武器奇术!$A:$R,18,FALSE)="天工",AE44,(AE44+AT44+BI44+BX44+CM44+DB44+DQ44))*(1+J44)*F44*K44*(1+G44) -> 78775.091 | I44: =H44/$C$30 -> 0.009078826 | J44: =$F$3+VLOOKUP($E44,武器奇术!$A:$R,12,FALSE)+VLOOKUP($E44,武器奇术!$A:$R,14,FALSE)*$G$3+$P44+IF($F$21="√",5%,0) -> 1.037 | K44: =VLOOKUP($E44,武器奇术!$A:$R,11,FALSE) -> 1 | L44: =IF(VLOOKUP($E44,武器奇术!$A:$R,15,FALSE)="天工",0%,IF($C$17+VLOOKUP($E44,武器奇术!$A:$R,7,FALSE)>80%,80%,$C$17+VLOOKUP($E44,武器奇术!$A:$R,7,FALSE))+IF($C$19>20%,20%,$C$19)) -> 0.8703 | M44: =IF(VLOOKUP($E44,武器奇术!$A:$R,15,FALSE)="天工",0%,IF($C$18+VLOOKUP($E44,武器奇术!$A:$R,9,FALSE)>40%,40%,$C$18+VLOOKUP($E44,武器奇术!$A:$R,9,FALSE))+IF($C$20>10%,10%,$C$20)) -> 0.0986 | N44: =IF(VLOOKUP($E44,武器奇术!$A:$R,15,FALSE)="天工",100%,MIN($C$16,1)) -> 1 | O44: =VLOOKUP($E44,武器奇术!$A:$R,16,FALSE) -> 扇 | P44: =VLOOKUP($O44,$B$22:$C$27,2,FALSE)+IF(OR($O44="伞",$O44="扇"),$C$24,0) -> 0.084 | Q44: =$B$5*(1+VLOOKUP($E44,武器奇术!$A:$R,5,FALSE))*(1+VLOOKUP($E44,武器奇术!$A:$S,19,FALSE)+IF($G$5="飞隼",0.1,0)+IF($G$5="撼天",0.05,0))-$F$9+IF($J$5="√",160,0) -> 3081.85 | R44: =IF(VLOOKUP($E44,武器奇术!$A:$Z,18,FALSE)="叶龙",(S44-(Q44+S44)*0.5)*($G$15-0.5)*2+(Q44+S44)*0.5,(Q44+S44)*0.5) -> 3161.85 | S44: =MAX($C$5,$B$5)*(1+VLOOKUP($E44,武器奇术!$A:$R,6,FALSE))*(1+VLOOKUP($E44,武器奇术!$A:$S,19,FALSE)+IF($G$5="飞隼",0.1,0)+IF($G$5="撼天",0.05,0))-$F$9+IF($J$5="√",320,0) -> 3241.85 | T44: =IF(($D$5+VLOOKUP($E44,武器奇术!$A:$R,13,FALSE)+IF($I$3="√",10,0)-VLOOKUP($F$7,目标属性!$A:$R,5,FALSE))>0,($D$5+VLOOKUP($E44,武器奇术!$A:$R,13,FALSE)+IF($I$3="√",10,0)-VLOOKUP($F$7,目标属性!$A:$R,5,FALSE))/200,($D$5+VLOOKUP($E44,武器奇术!$A:$R,13,FALSE)+IF($I$3="√",10,0)-VLOOKUP($F$7,目标属性!$A:$R,5,FALSE))/100) -> 0.2925 | U44: =$E$5+IF($G$5="烟柳",IF(VLOOKUP($E44,武器奇术!$A:$T,20,FALSE)=1,0.1,0),0) -> 0.1 | V44: 1 | W44: =Q44*VLOOKUP($E44,武器奇术!$A:$R,2,FALSE)*(1+T44)*(1+U44)*V44 -> 12099.318 | X44: =(1-IF(VLOOKUP($E44,武器奇术!$A:$R,18,FALSE)="叶龙",1,$N44))*(1-$M44) -> 0 | Y44: =R44*VLOOKUP($E44,武器奇术!$A:$R,2,FALSE)*(1+T44)*(1+U44)*V44*(1+$E$16+VLOOKUP($E44,武器奇术!$A:$R,8,FALSE)) -> 24876.449 | Z44: =IF($L44+$M44<=100%,$N44*$L44,$N44*(1-$M44)) -> 0.8703 | AA44: =S44*VLOOKUP($E44,武器奇术!$A:$R,2,FALSE)*(1+T44)*(1+U44)*V44*(1+$E$17+VLOOKUP($E44,武器奇术!$A:$R,10,FALSE)) -> 17182.094 | AB44: =$M44 -> 0.0986 | AC44: =R44*VLOOKUP($E44,武器奇术!$A:$R,2,FALSE)*(1+T44)*(1+U44)*V44 -> 12413.398 | AD44: =MAX((1-X44-Z44-AB44),0) -> 0.0311 | AE44: =W44*X44+Y44*Z44+AA44*AB44+AC44*AD44 -> 23730.185 | AF44: =VLOOKUP($E44,武器奇术!$A:$R,3,FALSE)*(1+IF(VLOOKUP($E44,武器奇术!$A:$R,15,FALSE)="武器",$E$15,0)) -> 993.395 | AG44: =(AF44+AH44)/2 -> 993.395 | AH44: =VLOOKUP($E44,武器奇术!$A:$R,3,FALSE)*(1+IF(VLOOKUP($E44,武器奇术!$A:$R,15,FALSE)="武器",$E$15,0)) -> 993.395 | AI44: =IF(($D$5+VLOOKUP($E44,武器奇术!$A:$R,13,FALSE)+IF($I$3="√",10,0)-VLOOKUP($F$7,目标属性!$A:$R,5,FALSE))>0,($D$5+VLOOKUP($E44,武器奇术!$A:$R,13,FALSE)+IF($I$3="√",10,0)-VLOOKUP($F$7,目标属性!$A:$R,5,FALSE))/200,($D$5+VLOOKUP($E44,武器奇术!$A:$R,13,FALSE)+IF($I$3="√",10,0)-VLOOKUP($F$7,目标属性!$A:$R,5,FALSE))/100) -> 0.2925 | AJ44: =$E$5+IF($G$5="烟柳",IF(VLOOKUP($E44,武器奇术!$A:$T,20,FALSE)=1,0.1,0),0) -> 0.1 | AK44: 1 | AL44: =AF44*(1+AI44)*(1+AJ44)*AK44 -> 1412.3593 | AM44: =(1-IF(VLOOKUP($E44,武器奇术!$A:$R,18,FALSE)="叶龙",1,$N44))*(1-$M44) -> 0 | AN44: =AG44*(1+AI44)*(1+AJ44)*AK44*(1+$E$16+VLOOKUP($E44,武器奇术!$A:$R,8,FALSE)) -> 2830.3681 | AO44: =IF($L44+$M44<=100%,$N44*$L44,$N44*(1-$M44)) -> 0.8703 | AP44: =AH44*(1+AI44)*(1+AJ44)*AK44*(1+$E$17+VLOOKUP($E44,武器奇术!$A:$R,10,FALSE)) -> 1906.6851 | AQ44: =$M44 -> 0.0986 | AR44: =AG44*(1+AI44)*(1+AJ44)*AK44 -> 1412.3593 | AS44: =MAX((1-AM44-AO44-AQ44),0) -> 0.0311 | AT44: =AL44*AM44+AN44*AO44+AP44*AQ44+AR44*AS44 -> 2695.1929 | AU44: =$B$7*IF($G$5="撼天",1.05,1)+IF(AND(VLOOKUP($E44,武器奇术!$A:$R,15,FALSE)="武器",VLOOKUP($E44,武器奇术!$A:$R,17,FALSE)="鸣金"),$E$3*(1+$E$15),0) -> 0 | AV44: =(AU44+AW44)/2 -> 0 | AW44: =MAX($C$7*IF($G$5="撼天",1.05,1)+IF(AND(VLOOKUP($E44,武器奇术!$A:$R,15,FALSE)="武器",VLOOKUP($E44,武器奇术!$A:$R,17,FALSE)="鸣金"),$E$3*(1+$E$15),0),AU44) -> 0 | AX44: =IF(($D$7+IF(VLOOKUP($E44,武器奇术!$A:$R,17,FALSE)="鸣金",$D$15,0)-VLOOKUP($F$7,目标属性!$A:$R,6,FALSE))>0,($D$7+IF(VLOOKUP($E44,武器奇术!$A:$R,17,FALSE)="鸣金",$D$15,0)-VLOOKUP($F$7,目标属性!$A:$R,6,FALSE))/200,($D$7+IF(VLOOKUP($E44,武器奇术!$A:$R,17,FALSE)="鸣金",$D$15,0)-VLOOKUP($F$7,目标属性!$A:$R,6,FALSE))/100) -> -0.24 | AY44: =$E$7 -> 0 | AZ44: 1 | BA44: =AU44*IF(VLOOKUP($E44,武器奇术!$A:$R,17,FALSE)="鸣金",VLOOKUP($E44,武器奇术!$A:$R,4,FALSE),VLOOKUP($E44,武器奇术!$A:$R,2,FALSE))*(1+AX44)*(1+AY44)*AZ44 -> 0 | BB44: =(1-IF(VLOOKUP($E44,武器奇术!$A:$R,18,FALSE)="叶龙",1,$N44))*(1-$M44) -> 0 | BC44: =AV44*IF(VLOOKUP($E44,武器奇术!$A:$R,17,FALSE)="鸣金",VLOOKUP($E44,武器奇术!$A:$R,4,FALSE),VLOOKUP($E44,武器奇术!$A:$R,2,FALSE))*(1+AX44)*(1+AY44)*AZ44*(1+$E$16+VLOOKUP($E44,武器奇术!$A:$R,8,FALSE)) -> 0 | BD44: =IF($L44+$M44<=100%,$N44*$L44,$N44*(1-$M44)) -> 0.8703 | BE44: =AW44*IF(VLOOKUP($E44,武器奇术!$A:$R,17,FALSE)="鸣金",VLOOKUP($E44,武器奇术!$A:$R,4,FALSE),VLOOKUP($E44,武器奇术!$A:$R,2,FALSE))*(1+AX44)*(1+AY44)*AZ44*(1+$E$17+VLOOKUP($E44,武器奇术!$A:$R,10,FALSE)) -> 0 | BF44: =$M44 -> 0.0986 | BG44: =AV44*IF(VLOOKUP($E44,武器奇术!$A:$R,17,FALSE)="鸣金",VLOOKUP($E44,武器奇术!$A:$R,4,FALSE),VLOOKUP($E44,武器奇术!$A:$R,2,FALSE))*(1+AX44)*(1+AY44)*AZ44 -> 0 | BH44: =MAX((1-BB44-BD44-BF44),0) -> 0.0311 | BI44: =BA44*BB44+BC44*BD44+BE44*BF44+BG44*BH44 -> 0 | BJ44: =$B$9*IF($G$5="撼天",1.05,1)+IF(AND(VLOOKUP($E44,武器奇术!$A:$R,15,FALSE)="武器",VLOOKUP($E44,武器奇术!$A:$R,17,FALSE)="裂石"),$E$3*(1+$E$15),0) -> 0 | BK44: =(BJ44+BL44)/2 -> 0 | BL44: =MAX($C$9*IF($G$5="撼天",1.05,1)+IF(AND(VLOOKUP($E44,武器奇术!$A:$R,15,FALSE)="武器",VLOOKUP($E44,武器奇术!$A:$R,17,FALSE)="裂石"),$E$3*(1+$E$15),0),BJ44) -> 0 | BM44: =IF(($D$9+IF(VLOOKUP($E44,武器奇术!$A:$R,17,FALSE)="裂石",$D$15,0)-VLOOKUP($F$7,目标属性!$A:$R,6,FALSE))>0,($D$9+IF(VLOOKUP($E44,武器奇术!$A:$R,17,FALSE)="裂石",$D$15,0)-VLOOKUP($F$7,目标属性!$A:$R,6,FALSE))/200,($D$9+IF(VLOOKUP($E44,武器奇术!$A:$R,17,FALSE)="裂石",$D$15,0)-VLOOKUP($F$7,目标属性!$A:$R,6,FALSE))/100) -> -0.24 | BN44: =$E$9 -> 0 | BO44: 1 | BP44: =BJ44*IF(VLOOKUP($E44,武器奇术!$A:$R,17,FALSE)="裂石",VLOOKUP($E44,武器奇术!$A:$R,4,FALSE),VLOOKUP($E44,武器奇术!$A:$R,2,FALSE))*(1+BM44)*(1+BN44)*BO44 -> 0 | BQ44: =(1-IF(VLOOKUP($E44,武器奇术!$A:$R,18,FALSE)="叶龙",1,$N44))*(1-$M44) -> 0 | BR44: =BK44*IF(VLOOKUP($E44,武器奇术!$A:$R,17,FALSE)="裂石",VLOOKUP($E44,武器奇术!$A:$R,4,FALSE),VLOOKUP($E44,武器奇术!$A:$R,2,FALSE))*(1+BM44)*(1+BN44)*BO44*(1+$E$16+VLOOKUP($E44,武器奇术!$A:$R,8,FALSE)) -> 0 | BS44: =IF($L44+$M44<=100%,$N44*$L44,$N44*(1-$M44)) -> 0.8703 | BT44: =BL44*IF(VLOOKUP($E44,武器奇术!$A:$R,17,FALSE)="裂石",VLOOKUP($E44,武器奇术!$A:$R,4,FALSE),VLOOKUP($E44,武器奇术!$A:$R,2,FALSE))*(1+BM44)*(1+BN44)*BO44*(1+$E$17+VLOOKUP($E44,武器奇术!$A:$R,10,FALSE)) -> 0 | BU44: =$M44 -> 0.0986 | BV44: =BK44*IF(VLOOKUP($E44,武器奇术!$A:$R,17,FALSE)="裂石",VLOOKUP($E44,武器奇术!$A:$R,4,FALSE),VLOOKUP($E44,武器奇术!$A:$R,2,FALSE))*(1+BM44)*(1+BN44)*BO44 -> 0 | BW44: =MAX((1-BQ44-BS44-BU44),0) -> 0.0311 | BX44: =BP44*BQ44+BR44*BS44+BT44*BU44+BV44*BW44 -> 0 | BY44: =$B$11*IF($G$5="撼天",1.05,1)+IF(AND(VLOOKUP($E44,武器奇术!$A:$R,15,FALSE)="武器",VLOOKUP($E44,武器奇术!$A:$R,17,FALSE)="牵丝"),$E$3*(1+$E$15),0) -> 686.71 | BZ44: =IF(VLOOKUP($E44,武器奇术!$A:$Z,18,FALSE)="叶龙",(CA44-(BY44+CA44)*0.5)*($G$15-0.5)*2+(BY44+CA44)*0.5,(BY44+CA44)*0.5) -> 1052.21 | CA44: =MAX($C$11*IF($G$5="撼天",1.05,1)+IF(AND(VLOOKUP($E44,武器奇术!$A:$R,15,FALSE)="武器",VLOOKUP($E44,武器奇术!$A:$R,17,FALSE)="牵丝"),$E$3*(1+$E$15),0),BY44) -> 1417.71 | CB44: =IF(($D$11+IF(VLOOKUP($E44,武器奇术!$A:$R,17,FALSE)="牵丝",$D$15,0)-VLOOKUP($F$7,目标属性!$A:$R,6,FALSE))>0,($D$11+IF(VLOOKUP($E44,武器奇术!$A:$R,17,FALSE)="牵丝",$D$15,0)-VLOOKUP($F$7,目标属性!$A:$R,6,FALSE))/200,($D$11+IF(VLOOKUP($E44,武器奇术!$A:$R,17,FALSE)="牵丝",$D$15,0)-VLOOKUP($F$7,目标属性!$A:$R,6,FALSE))/100) -> 0.028 | CC44: =$E$11+IF($G$5="烟柳",IF(VLOOKUP($E44,武器奇术!$A:$T,20,FALSE)=1,0.1,0),0) -> 0.248 | CD44: 1 | CE44: =BY44*IF(VLOOKUP($E44,武器奇术!$A:$R,17,FALSE)="牵丝",VLOOKUP($E44,武器奇术!$A:$R,4,FALSE),VLOOKUP($E44,武器奇术!$A:$R,2,FALSE))*(1+CB44)*(1+CC44)*CD44 -> 3649.2071 | CF44: =(1-IF(VLOOKUP($E44,武器奇术!$A:$R,18,FALSE)="叶龙",1,$N44))*(1-$M44) -> 0 | CG44: =BZ44*IF(VLOOKUP($E44,武器奇术!$A:$R,17,FALSE)="牵丝",VLOOKUP($E44,武器奇术!$A:$R,4,FALSE),VLOOKUP($E44,武器奇术!$A:$R,2,FALSE))*(1+CB44)*(1+CC44)*CD44*(1+$E$16+VLOOKUP($E44,武器奇术!$A:$R,8,FALSE)) -> 11205.346 | CH44: =IF($L44+$M44<=100%,$N44*$L44,$N44*(1-$M44)) -> 0.8703 | CI44: =CA44*IF(VLOOKUP($E44,武器奇术!$A:$R,17,FALSE)="牵丝",VLOOKUP($E44,武器奇术!$A:$R,4,FALSE),VLOOKUP($E44,武器奇术!$A:$R,2,FALSE))*(1+CB44)*(1+CC44)*CD44*(1+$E$17+VLOOKUP($E44,武器奇术!$A:$R,10,FALSE)) -> 10170.594 | CJ44: =$M44 -> 0.0986 | CK44: =BZ44*IF(VLOOKUP($E44,武器奇术!$A:$R,17,FALSE)="牵丝",VLOOKUP($E44,武器奇术!$A:$R,4,FALSE),VLOOKUP($E44,武器奇术!$A:$R,2,FALSE))*(1+CB44)*(1+CC44)*CD44 -> 5591.4901 | CL44: =MAX((1-CF44-CH44-CJ44),0) -> 0.0311 | CM44: =CE44*CF44+CG44*CH44+CI44*CJ44+CK44*CL44 -> 10928.729 | CN44: =$B$13*IF($G$5="撼天",1.05,1)+IF(AND(VLOOKUP($E44,武器奇术!$A:$R,15,FALSE)="武器",VLOOKUP($E44,武器奇术!$A:$R,17,FALSE)="破竹"),$E$3*(1+$E$15),0) -> 0 | CO44: =(CN44+CP44)/2 -> 0 | CP44: =MAX($C$13*IF($G$5="撼天",1.05,1)+IF(AND(VLOOKUP($E44,武器奇术!$A:$R,15,FALSE)="武器",VLOOKUP($E44,武器奇术!$A:$R,17,FALSE)="破竹"),$E$3*(1+$E$15),0),CN44) -> 0 | CQ44: =IF(($D$13+IF(VLOOKUP($E44,武器奇术!$A:$R,17,FALSE)="破竹",$D$15,0)-VLOOKUP($F$7,目标属性!$A:$R,6,FALSE))>0,($D$13+IF(VLOOKUP($E44,武器奇术!$A:$R,17,FALSE)="破竹",$D$15,0)-VLOOKUP($F$7,目标属性!$A:$R,6,FALSE))/200,($D$13+IF(VLOOKUP($E44,武器奇术!$A:$R,17,FALSE)="破竹",$D$15,0)-VLOOKUP($F$7,目标属性!$A:$R,6,FALSE))/100) -> -0.24 | CR44: =$E$13 -> 0 | CS44: 1 | CT44: =CN44*IF(VLOOKUP($E44,武器奇术!$A:$R,17,FALSE)="破竹",VLOOKUP($E44,武器奇术!$A:$R,4,FALSE),VLOOKUP($E44,武器奇术!$A:$R,2,FALSE))*(1+CQ44)*(1+CR44)*CS44 -> 0 | CU44: =(1-IF(VLOOKUP($E44,武器奇术!$A:$R,18,FALSE)="叶龙",1,$N44))*(1-$M44) -> 0 | CV44: =CO44*IF(VLOOKUP($E44,武器奇术!$A:$R,17,FALSE)="破竹",VLOOKUP($E44,武器奇术!$A:$R,4,FALSE),VLOOKUP($E44,武器奇术!$A:$R,2,FALSE))*(1+CQ44)*(1+CR44)*CS44*(1+$E$16+VLOOKUP($E44,武器奇术!$A:$R,8,FALSE)) -> 0 | CW44: =IF($L44+$M44<=100%,$N44*$L44,$N44*(1-$M44)) -> 0.8703 | CX44: =CP44*IF(VLOOKUP($E44,武器奇术!$A:$R,17,FALSE)="破竹",VLOOKUP($E44,武器奇术!$A:$R,4,FALSE),VLOOKUP($E44,武器奇术!$A:$R,2,FALSE))*(1+CQ44)*(1+CR44)*CS44*(1+$E$17+VLOOKUP($E44,武器奇术!$A:$R,10,FALSE)) -> 0 | CY44: =$M44 -> 0.0986 | CZ44: =CO44*IF(VLOOKUP($E44,武器奇术!$A:$R,17,FALSE)="破竹",VLOOKUP($E44,武器奇术!$A:$R,4,FALSE),VLOOKUP($E44,武器奇术!$A:$R,2,FALSE))*(1+CQ44)*(1+CR44)*CS44 -> 0 | DA44: =MAX((1-CU44-CW44-CY44),0) -> 0.0311 | DB44: =CT44*CU44+CV44*CW44+CX44*CY44+CZ44*DA44 -> 0 | DC44: =$B$15*IF($G$5="撼天",1.05,1) -> 66 | DD44: =(DC44+DE44)/2 -> 125.8 | DE44: =$C$15*IF($G$5="撼天",1.05,1) -> 185.6 | DF44: =IF((IF(VLOOKUP($E44,武器奇术!$A:$R,17,FALSE)="鸣金",$D$7,0)+IF(VLOOKUP($E44,武器奇术!$A:$R,17,FALSE)="裂石",$D$9,0)+IF(VLOOKUP($E44,武器奇术!$A:$R,17,FALSE)="牵丝",$D$11,0)+IF(VLOOKUP($E44,武器奇术!$A:$R,17,FALSE)="破竹",$D$13,0)+$D$15-VLOOKUP($F$7,目标属性!$A:$R,6,FALSE))>0,(IF(VLOOKUP($E44,武器奇术!$A:$R,17,FALSE)="鸣金",$D$7,0)+IF(VLOOKUP($E44,武器奇术!$A:$R,17,FALSE)="裂石",$D$9,0)+IF(VLOOKUP($E44,武器奇术!$A:$R,17,FALSE)="牵丝",$D$11,0)+IF(VLOOKUP($E44,武器奇术!$A:$R,17,FALSE)="破竹",$D$13,0)+$D$15-VLOOKUP($F$7,目标属性!$A:$R,6,FALSE))/200,(IF(VLOOKUP($E44,武器奇术!$A:$R,17,FALSE)="鸣金",$D$7,0)+IF(VLOOKUP($E44,武器奇术!$A:$R,17,FALSE)="裂石",$D$9,0)+IF(VLOOKUP($E44,武器奇术!$A:$R,17,FALSE)="牵丝",$D$11,0)+IF(VLOOKUP($E44,武器奇术!$A:$R,17,FALSE)="破竹",$D$13,0)+$D$15-VLOOKUP($F$7,目标属性!$A:$R,6,FALSE))/100) -> 0.028 | DG44: =$E$11+IF($G$5="烟柳",IF(VLOOKUP($E44,武器奇术!$A:$T,20,FALSE)=1,0.1,0),0) -> 0.248 | DH44: 1 | DI44: =DC44*IF(VLOOKUP($E44,武器奇术!$A:$R,17,FALSE)="牵丝",VLOOKUP($E44,武器奇术!$A:$R,4,FALSE),VLOOKUP($E44,武器奇术!$A:$R,2,FALSE))*(1+DF44)*(1+DG44)*DH44 -> 350.72689 | DJ44: =(1-IF(VLOOKUP($E44,武器奇术!$A:$R,18,FALSE)="叶龙",1,$N44))*(1-$M44) -> 0 | DK44: =DD44*IF(VLOOKUP($E44,武器奇术!$A:$R,17,FALSE)="牵丝",VLOOKUP($E44,武器奇术!$A:$R,4,FALSE),VLOOKUP($E44,武器奇术!$A:$R,2,FALSE))*(1+DF44)*(1+DG44)*DH44*(1+$E$16+VLOOKUP($E44,武器奇术!$A:$R,8,FALSE)) -> 1339.6875 | DL44: =IF($L44+$M44<=100%,$N44*$L44,$N44*(1-$M44)) -> 0.8703 | DM44: =DE44*IF(VLOOKUP($E44,武器奇术!$A:$R,17,FALSE)="牵丝",VLOOKUP($E44,武器奇术!$A:$R,4,FALSE),VLOOKUP($E44,武器奇术!$A:$R,2,FALSE))*(1+DF44)*(1+DG44)*DH44*(1+$E$17+VLOOKUP($E44,武器奇术!$A:$R,10,FALSE)) -> 1331.4868 | DN44: =$M44 -> 0.0986 | DO44: =DD44*IF(VLOOKUP($E44,武器奇术!$A:$R,17,FALSE)="牵丝",VLOOKUP($E44,武器奇术!$A:$R,4,FALSE),VLOOKUP($E44,武器奇术!$A:$R,2,FALSE))*(1+DF44)*(1+DG44)*DH44 -> 668.50672 | DP44: =MAX((1-DJ44-DL44-DN44),0) -> 0.0311 | DQ44: =DI44*DJ44+DK44*DL44+DM44*DN44+DO44*DP44 -> 1318.0052
